transaction_id,client_id,date,heure,montant,devise,type_transaction,lieu,canal,moyen_paiement,categorie_commerce,device_utilise,score_risque_client
T000879,C3204,19/09/2025,17:04:29,8532.85,,paiement en ligne,Fès,guichet,MasterCard,alimentaire,iOS,10
T000075,C9684,07/07/2025,16:16:09,7742.76,MAD,paiement en ligne,Casablanca,carte,Amex,santé,Web,9
T000834,C9162,15/09/2025,17:17:01,1738.8,EUR,paiement en ligne,Marrakech,application mobile,Cash,voyage,ATM,4
T000151,C8994,14/07/2025,05:07:58,9608.24,MAD,virement,Rabat,guichet,,alimentaire,ATM,8
T000179,C5218,17/07/2025,05:18:29,5672.6,MAD,retrait,Casablanca,en ligne,Cash,voyage,Web,5
T000626,C7600,27/08/2025,13:10:38,,EUR,virement,Tanger,application mobile,Visa,voyage,ATM,2
T000987,C5524,29/09/2025,17:07:40,2221.16,MAD,virement,Fès,application mobile,Amex,mode,ATM,8
T000287,C7102,27/07/2025,22:36:04,8176.96,EUR,retrait,Casablanca,en ligne,Amex,mode,iOS,1
T000158,C2291,15/07/2025,07:33:39,2632.44,EUR,paiement en ligne,Tanger,application mobile,Visa,mode,iOS,6
T000579,C7042,23/08/2025,06:43:46,2334.5,EUR,paiement en ligne,Marrakech,guichet,Cash,voyage,Android,9
T000885,C3645,20/09/2025,20:29:41,2332.19,EUR,virement,Casablanca,guichet,Cash,mode,Android,3
T000497,C9010,15/08/2025,19:35:37,9330.47,EUR,paiement en ligne,Fès,en ligne,MasterCard,santé,Android,1
T000965,C7320,27/09/2025,22:26:53,1455.17,MAD,paiement en ligne,Fès,en ligne,Cash,santé,ATM,3
T000997,C6797,30/09/2025,00:26:24,4610.32,EUR,paiement en ligne,Marrakech,carte,MasterCard,alimentaire,iOS,9
T000829,C2908,15/09/2025,06:27:57,1834.59,EUR,paiement en ligne,Tanger,carte,Amex,voyage,iOS,10
T000544,C6029,20/08/2025,15:27:16,6867.09,MAD,virement,Rabat,en ligne,Cash,alimentaire,Android,8
T000929,C6732,24/09/2025,06:44:34,4611.39,MAD,virement,Casablanca,carte,Cash,voyage,Android,10
T000352,C7966,02/08/2025,06:24:20,5072.72,MAD,retrait,Tanger,application mobile,Visa,électronique,Web,4
T000947,C8970,26/09/2025,00:14:36,3645.97,EUR,virement,Marrakech,application mobile,,santé,iOS,4
T000488,C8860,14/08/2025,10:49:30,4616.46,USD,paiement en ligne,,guichet,Amex,santé,Android,8
T000808,C5234,13/09/2025,12:48:34,9956.53,MAD,virement,Casablanca,guichet,Visa,santé,Android,6
T000998,C5926,30/09/2025,22:09:46,,EUR,paiement en ligne,Fès,en ligne,Amex,santé,ATM,10
T000622,C4636,27/08/2025,21:44:32,2102.21,MAD,retrait,Marrakech,en ligne,Visa,voyage,Android,5
T000237,C3200,22/07/2025,19:32:09,8930.95,MAD,paiement en ligne,Fès,application mobile,MasterCard,électronique,ATM,5
T000523,C2810,18/08/2025,09:49:57,8256.2,USD,paiement en ligne,Casablanca,en ligne,Amex,alimentaire,iOS,6
T000703,C6585,03/09/2025,17:41:19,5991.7,MAD,virement,Fès,guichet,Visa,alimentaire,Android,8
T000805,C7233,13/09/2025,16:11:05,3451.96,EUR,paiement en ligne,Rabat,guichet,MasterCard,alimentaire,ATM,3
T000013,C7949,02/07/2025,13:31:55,4355.65,MAD,virement,Fès,application mobile,,mode,Web,2
T000001,C8270,01/07/2025,22:38:02,9662.17,USD,paiement en ligne,Fès,carte,Visa,électronique,Android,5
T000009,C6578,01/07/2025,21:56:46,529.45,EUR,retrait,Fès,en ligne,Amex,électronique,ATM,9
T000620,C8190,27/08/2025,16:58:27,1471.28,EUR,paiement en ligne,Fès,carte,Amex,mode,iOS,1
T000525,C3923,18/08/2025,10:54:33,4467.0,MAD,retrait,Casablanca,carte,MasterCard,mode,iOS,10
T000569,C1667,22/08/2025,10:21:21,6785.56,MAD,virement,Casablanca,carte,,mode,Web,7
T000698,C1671,03/09/2025,11:09:07,1990.0,EUR,paiement en ligne,Fès,guichet,Visa,voyage,iOS,4
T000895,C3371,21/09/2025,12:21:52,2819.77,MAD,retrait,Fès,carte,Visa,santé,Web,7
T000271,C9208,25/07/2025,20:30:57,9732.13,MAD,virement,Rabat,carte,,alimentaire,iOS,10
T000397,C7665,06/08/2025,09:07:23,7521.85,MAD,retrait,Marrakech,en ligne,MasterCard,mode,Web,4
T000294,C7709,27/07/2025,04:00:39,3962.29,MAD,virement,Tanger,application mobile,Cash,mode,Web,10
T000031,C2899,03/07/2025,16:09:29,1409.18,EUR,paiement en ligne,Marrakech,en ligne,Visa,alimentaire,iOS,3
T000174,C6791,16/07/2025,06:01:31,7197.4,MAD,virement,Rabat,en ligne,,santé,ATM,6
T000124,C8574,12/07/2025,04:36:42,,EUR,virement,Rabat,guichet,Amex,voyage,ATM,7
T000281,C4170,26/07/2025,12:17:39,7431.87,EUR,paiement en ligne,,en ligne,MasterCard,alimentaire,iOS,8
T000491,C7541,15/08/2025,20:08:27,6745.07,EUR,retrait,Fès,guichet,Cash,mode,Android,6
T000980,C2759,29/09/2025,11:54:30,915.82,MAD,virement,Marrakech,guichet,Cash,mode,iOS,10
T000108,C7938,10/07/2025,17:31:31,1450.99,MAD,virement,,en ligne,Cash,électronique,iOS,6
T000982,C9058,29/09/2025,01:10:40,8458.95,EUR,paiement en ligne,Rabat,en ligne,Visa,voyage,ATM,2
T000853,C8804,17/09/2025,12:14:25,365.85,EUR,retrait,Rabat,carte,Cash,alimentaire,Android,7
T000185,C8777,17/07/2025,16:11:21,9265.63,MAD,paiement en ligne,Tanger,guichet,MasterCard,mode,Android,6
T000065,C7439,06/07/2025,10:33:08,5236.9,,paiement en ligne,Rabat,en ligne,Cash,alimentaire,iOS,4
T000279,C1301,26/07/2025,09:50:50,2281.72,USD,paiement en ligne,Fès,carte,,électronique,Web,6
T000483,C8651,14/08/2025,05:31:28,2521.34,,retrait,Rabat,carte,Cash,mode,iOS,4
T000788,C8489,11/09/2025,00:07:44,437.43,EUR,paiement en ligne,Rabat,application mobile,Cash,électronique,Web,1
T000988,C9477,29/09/2025,05:04:43,8747.01,EUR,retrait,Fès,en ligne,Amex,santé,Android,10
T000751,C2976,08/09/2025,08:34:12,2471.8,USD,paiement en ligne,Fès,en ligne,,santé,Android,3
T000038,C6393,04/07/2025,03:25:57,2032.19,MAD,paiement en ligne,Rabat,carte,Amex,santé,iOS,8
T000012,C1769,02/07/2025,07:33:34,5028.99,MAD,paiement en ligne,Marrakech,application mobile,Visa,alimentaire,iOS,7
T000542,C1823,19/08/2025,21:31:07,8822.82,EUR,paiement en ligne,Casablanca,carte,Amex,santé,Web,5
T000669,C5892,31/08/2025,06:21:54,2240.11,EUR,paiement en ligne,Rabat,carte,Visa,santé,Android,4
T000252,C5735,24/07/2025,19:46:58,4123.65,EUR,retrait,Tanger,carte,Visa,électronique,iOS,6
T000364,C9308,03/08/2025,20:28:25,8720.57,MAD,retrait,Casablanca,en ligne,MasterCard,alimentaire,Android,10
T000719,C4644,05/09/2025,05:57:30,1919.81,MAD,retrait,Tanger,en ligne,Cash,santé,Android,5
T000586,C1924,23/08/2025,09:20:45,1655.56,EUR,paiement en ligne,Marrakech,carte,MasterCard,mode,iOS,4
T000187,C8125,18/07/2025,00:21:25,6361.92,EUR,paiement en ligne,Marrakech,en ligne,MasterCard,santé,Web,2
T000992,C1768,30/09/2025,03:17:14,8713.16,MAD,paiement en ligne,Marrakech,carte,Cash,mode,Web,5
T000040,C9433,04/07/2025,04:10:05,2909.73,MAD,virement,Casablanca,application mobile,Amex,électronique,iOS,7
T000793,C1117,11/09/2025,19:28:21,8651.11,MAD,retrait,Rabat,carte,Amex,alimentaire,ATM,1
T000272,C8339,25/07/2025,19:36:03,2299.95,MAD,paiement en ligne,Marrakech,carte,Cash,électronique,Android,10
T000984,C9914,29/09/2025,16:57:28,1792.48,EUR,paiement en ligne,Marrakech,guichet,MasterCard,mode,Android,9
T000414,C6732,08/08/2025,09:53:38,,MAD,retrait,Tanger,en ligne,Amex,santé,Android,3
T000417,C6536,08/08/2025,18:03:25,2721.91,EUR,paiement en ligne,Fès,guichet,Visa,santé,iOS,6
T000243,C9352,23/07/2025,05:38:25,5931.75,MAD,paiement en ligne,Rabat,application mobile,Amex,mode,Android,1
T000522,C4486,17/08/2025,15:28:32,686.86,EUR,retrait,Marrakech,carte,Visa,santé,iOS,5
T000115,C2484,11/07/2025,06:19:04,3912.25,,paiement en ligne,Casablanca,en ligne,Visa,alimentaire,Web,6
T000646,C7544,29/08/2025,21:27:06,1875.25,EUR,paiement en ligne,Fès,en ligne,MasterCard,électronique,Web,5
T000837,C4391,15/09/2025,18:46:27,6116.49,MAD,paiement en ligne,Fès,en ligne,Amex,électronique,Web,6
T000787,C1005,11/09/2025,02:16:33,7634.91,MAD,virement,Casablanca,carte,Amex,électronique,Web,10
T000755,C1125,08/09/2025,01:55:45,3264.12,MAD,paiement en ligne,Casablanca,en ligne,Amex,alimentaire,Web,3
T000374,C6237,04/08/2025,03:10:50,565.77,MAD,paiement en ligne,Rabat,en ligne,Cash,alimentaire,ATM,8
T000993,C6490,30/09/2025,18:12:18,7936.32,EUR,retrait,Fès,en ligne,MasterCard,électronique,ATM,3
T000306,C2409,29/07/2025,04:11:36,6035.46,EUR,paiement en ligne,Casablanca,guichet,Cash,alimentaire,Android,3
T000551,C5175,20/08/2025,20:35:11,,MAD,retrait,Marrakech,guichet,Amex,électronique,iOS,8
T000150,C2998,14/07/2025,01:23:14,2457.67,MAD,paiement en ligne,Tanger,guichet,MasterCard,mode,Android,1
T000548,C7316,20/08/2025,03:03:13,2537.07,MAD,virement,,en ligne,Amex,santé,Android,5
T000562,C9662,21/08/2025,20:34:57,8769.38,MAD,paiement en ligne,Tanger,carte,Amex,santé,Android,7
T000217,C9815,20/07/2025,06:02:28,1956.35,EUR,retrait,Tanger,guichet,Amex,électronique,ATM,5
T000003,C6390,01/07/2025,13:33:32,9510.19,MAD,retrait,Casablanca,application mobile,Visa,voyage,ATM,9
T000730,C7809,06/09/2025,11:27:29,6381.92,EUR,virement,Fès,guichet,Cash,alimentaire,iOS,4
T000815,C3219,13/09/2025,20:52:48,4574.91,MAD,paiement en ligne,Tanger,en ligne,MasterCard,santé,Android,8
T000496,C5330,15/08/2025,06:51:28,8238.69,MAD,retrait,Marrakech,en ligne,MasterCard,électronique,Android,6
T000686,C1760,02/09/2025,21:14:55,711.31,USD,paiement en ligne,Fès,carte,Visa,santé,ATM,9
T000456,C4766,11/08/2025,02:51:22,9577.93,MAD,paiement en ligne,Marrakech,en ligne,MasterCard,électronique,Android,1
T000303,C4009,28/07/2025,00:56:53,9524.61,MAD,retrait,Casablanca,carte,Cash,électronique,ATM,3
T000971,C5944,28/09/2025,22:22:31,8265.82,EUR,virement,Casablanca,guichet,Visa,santé,Android,8
T000248,C4987,23/07/2025,05:08:05,758.02,MAD,paiement en ligne,,guichet,Visa,alimentaire,ATM,2
T000841,C7413,16/09/2025,06:01:28,9611.16,MAD,paiement en ligne,Fès,guichet,Visa,voyage,Android,5
T000277,C3327,26/07/2025,01:14:33,7306.98,MAD,retrait,Marrakech,carte,Cash,voyage,Web,5
T000737,C7506,06/09/2025,04:43:10,2683.12,MAD,paiement en ligne,Tanger,guichet,MasterCard,mode,ATM,7
T000638,C9865,28/08/2025,03:05:25,,,retrait,Fès,carte,Visa,mode,iOS,6
T000123,C2757,12/07/2025,03:11:58,7091.83,MAD,paiement en ligne,Rabat,carte,Amex,électronique,Web,3
T000466,C8186,12/08/2025,06:51:13,7496.42,MAD,retrait,Marrakech,guichet,Cash,électronique,Android,4
T000148,C4748,14/07/2025,08:14:39,7941.77,EUR,paiement en ligne,Casablanca,guichet,Amex,mode,Web,6
T000335,C2148,31/07/2025,16:11:26,3836.15,USD,paiement en ligne,Marrakech,application mobile,Visa,santé,Web,3
T000062,C8629,06/07/2025,14:19:18,3153.05,EUR,retrait,Rabat,carte,Amex,électronique,Web,6
T000516,C9702,17/08/2025,02:40:28,2521.42,MAD,paiement en ligne,Fès,en ligne,MasterCard,voyage,iOS,8
T000165,C5737,16/07/2025,20:41:35,7936.32,MAD,paiement en ligne,Rabat,application mobile,Cash,électronique,Android,10
T000631,C8939,28/08/2025,21:44:05,4768.84,EUR,paiement en ligne,,carte,Visa,mode,ATM,9
T000224,C4170,21/07/2025,21:53:52,1793.46,EUR,virement,Fès,application mobile,Amex,santé,iOS,2
T000949,C1536,26/09/2025,04:08:00,4097.71,EUR,paiement en ligne,Marrakech,en ligne,Amex,santé,Web,4
T000832,C6256,15/09/2025,12:46:22,6694.22,MAD,virement,Casablanca,guichet,Cash,voyage,Web,8
T000746,C4086,07/09/2025,14:37:14,4351.84,MAD,retrait,Fès,en ligne,Visa,voyage,ATM,7
T000678,C5164,01/09/2025,01:09:33,133.22,EUR,virement,Rabat,carte,Visa,santé,iOS,8
T000908,C9554,22/09/2025,20:07:27,3459.32,MAD,virement,Rabat,application mobile,Cash,mode,Android,8
T000495,C9924,15/08/2025,07:16:36,8060.65,MAD,retrait,Rabat,application mobile,Amex,mode,iOS,3
T000667,C8730,31/08/2025,08:32:49,5612.64,EUR,retrait,Fès,application mobile,Visa,mode,iOS,4
T000981,C3482,29/09/2025,13:33:17,5590.01,EUR,virement,Casablanca,carte,Cash,voyage,ATM,8
T000945,C7456,25/09/2025,06:02:00,,USD,paiement en ligne,Tanger,carte,,électronique,ATM,7
T000039,C9792,04/07/2025,12:33:22,8907.64,EUR,paiement en ligne,,en ligne,MasterCard,voyage,Android,2
T000924,C5146,24/09/2025,10:56:50,4622.86,USD,retrait,,application mobile,MasterCard,alimentaire,Web,3
T000223,C8400,21/07/2025,08:37:47,408.39,MAD,virement,Casablanca,carte,Amex,alimentaire,Web,4
T000428,C7748,09/08/2025,21:43:57,6255.31,,paiement en ligne,Fès,carte,Amex,voyage,iOS,2
T000718,C5143,05/09/2025,01:03:27,5095.24,USD,retrait,Fès,carte,,santé,iOS,1
T000656,C7241,30/08/2025,06:05:14,8779.64,MAD,paiement en ligne,Rabat,en ligne,,santé,Web,9
T000069,C9529,07/07/2025,07:41:24,7713.07,USD,paiement en ligne,Tanger,guichet,Visa,électronique,ATM,1
T000300,C8455,28/07/2025,11:29:40,1714.85,MAD,paiement en ligne,Marrakech,application mobile,Visa,alimentaire,Web,9
T000240,C5433,23/07/2025,00:40:12,4789.54,MAD,retrait,Rabat,application mobile,Visa,électronique,ATM,2
T000663,C6115,30/08/2025,17:04:02,3785.92,MAD,paiement en ligne,Marrakech,guichet,Amex,mode,Android,5
T000342,C4124,01/08/2025,08:32:40,163.61,MAD,paiement en ligne,Casablanca,guichet,Amex,alimentaire,Android,4
T000796,C5289,12/09/2025,18:03:54,9907.26,MAD,paiement en ligne,Tanger,guichet,Visa,santé,ATM,7
T000846,C1077,16/09/2025,06:27:02,5747.44,MAD,paiement en ligne,Fès,en ligne,Cash,santé,Android,10
T000582,C6320,23/08/2025,07:00:43,69.82,MAD,retrait,Rabat,carte,Cash,électronique,Android,7
T000968,C3713,28/09/2025,20:12:20,2822.5,MAD,retrait,Tanger,application mobile,Visa,alimentaire,ATM,4
T000514,C2365,17/08/2025,03:33:51,4570.74,,paiement en ligne,Tanger,carte,MasterCard,mode,Web,9
T000568,C8575,22/08/2025,22:43:31,8595.23,USD,retrait,Marrakech,en ligne,Cash,alimentaire,ATM,4
T000682,C7269,01/09/2025,09:34:50,102.87,MAD,virement,Fès,en ligne,Cash,mode,Android,5
T000429,C1417,09/08/2025,02:21:05,6502.62,EUR,retrait,Casablanca,en ligne,Visa,voyage,iOS,10
T000233,C9445,22/07/2025,10:21:50,2860.84,EUR,retrait,Tanger,guichet,MasterCard,alimentaire,ATM,8
T000605,C5158,25/08/2025,19:16:54,4186.96,EUR,virement,Tanger,en ligne,Visa,santé,Web,9
T000521,C8419,17/08/2025,08:00:01,9365.99,MAD,paiement en ligne,Marrakech,en ligne,Amex,alimentaire,Web,9
T000712,C8240,04/09/2025,05:45:53,2062.43,MAD,paiement en ligne,,guichet,Visa,voyage,Web,6
T000380,C1580,04/08/2025,14:27:34,3373.8,MAD,paiement en ligne,Marrakech,en ligne,MasterCard,alimentaire,iOS,8
T000643,C9580,29/08/2025,19:23:24,3369.6,MAD,virement,Tanger,guichet,Visa,électronique,Android,9
T000786,C6342,11/09/2025,08:08:03,6256.24,USD,paiement en ligne,Fès,carte,MasterCard,mode,ATM,5
T000909,C3443,22/09/2025,04:16:36,8653.36,MAD,retrait,Fès,carte,MasterCard,électronique,iOS,10
T000777,C6622,10/09/2025,01:40:45,273.14,,retrait,Tanger,carte,MasterCard,santé,ATM,4
T000391,C7617,05/08/2025,00:43:55,9447.26,MAD,paiement en ligne,Tanger,guichet,Visa,électronique,ATM,7
T000387,C8253,05/08/2025,12:30:06,6870.17,,virement,Tanger,guichet,,mode,Android,10
T000431,C9808,09/08/2025,01:37:16,200.35,MAD,paiement en ligne,Fès,carte,Visa,santé,iOS,5
T000199,C3911,19/07/2025,14:54:28,4008.47,MAD,retrait,Marrakech,carte,Cash,santé,iOS,6
T000320,C6625,30/07/2025,17:28:56,6961.22,EUR,retrait,Fès,carte,Amex,alimentaire,Android,5
T000384,C5249,05/08/2025,03:25:24,7848.41,MAD,virement,Casablanca,carte,Amex,alimentaire,Android,6
T000701,C8956,03/09/2025,08:46:14,9086.87,MAD,paiement en ligne,Casablanca,application mobile,Visa,mode,iOS,4
T000887,C2865,20/09/2025,09:36:34,2722.19,EUR,retrait,Marrakech,guichet,Cash,mode,Android,2
T000918,C6959,23/09/2025,18:18:25,5079.81,EUR,retrait,Casablanca,en ligne,Visa,santé,Android,2
T000813,C1260,13/09/2025,07:42:19,5951.92,MAD,retrait,Casablanca,carte,MasterCard,mode,Web,10
T000665,C5854,31/08/2025,16:18:50,4363.05,MAD,retrait,Marrakech,en ligne,MasterCard,électronique,Android,1
T000156,C2853,15/07/2025,17:39:44,9812.38,MAD,virement,Marrakech,en ligne,MasterCard,électronique,Web,9
T000941,C3708,25/09/2025,08:23:34,1991.91,MAD,retrait,Tanger,en ligne,Cash,électronique,Android,2
T000674,C6449,31/08/2025,01:05:45,4669.17,EUR,virement,Tanger,en ligne,Amex,alimentaire,iOS,5
T000207,C3385,19/07/2025,04:02:58,9188.34,MAD,paiement en ligne,Casablanca,en ligne,Amex,alimentaire,Android,5
T000952,C9577,26/09/2025,01:45:13,7636.35,,paiement en ligne,Casablanca,application mobile,Cash,voyage,ATM,10
T000133,C6915,13/07/2025,08:48:57,5031.01,MAD,retrait,Rabat,carte,MasterCard,santé,Web,6
T000641,C2077,28/08/2025,03:05:40,8441.1,MAD,paiement en ligne,Rabat,carte,Cash,voyage,iOS,7
T000231,C6539,22/07/2025,12:24:32,5191.15,MAD,paiement en ligne,Marrakech,en ligne,Visa,mode,Web,6
T000934,C3872,24/09/2025,02:58:04,8628.92,EUR,virement,Rabat,application mobile,Amex,mode,Web,6
T000317,C2841,30/07/2025,09:19:52,,USD,paiement en ligne,Marrakech,carte,Cash,électronique,ATM,5
T000382,C9130,05/08/2025,03:29:17,4075.05,EUR,paiement en ligne,Fès,carte,Visa,alimentaire,Web,6
T000175,C6535,17/07/2025,12:45:26,2511.04,EUR,paiement en ligne,Casablanca,guichet,Visa,électronique,Android,7
T000679,C8941,01/09/2025,15:47:50,2215.79,USD,retrait,Rabat,application mobile,Visa,voyage,iOS,1
T000220,C5548,21/07/2025,14:24:29,5084.28,MAD,paiement en ligne,Marrakech,en ligne,MasterCard,santé,iOS,9
T000871,C6567,19/09/2025,18:28:09,9735.16,EUR,retrait,Marrakech,carte,Cash,mode,iOS,1
T000873,C6742,19/09/2025,10:46:30,8481.51,MAD,paiement en ligne,Tanger,carte,MasterCard,alimentaire,iOS,8
T000010,C9322,01/07/2025,04:02:50,3632.5,MAD,retrait,Rabat,application mobile,Amex,voyage,ATM,7
T000353,C8079,02/08/2025,14:00:11,7198.62,MAD,retrait,Marrakech,guichet,Cash,voyage,Web,8
T000296,C6442,28/07/2025,12:22:46,6627.09,MAD,paiement en ligne,Rabat,carte,Visa,électronique,iOS,9
T000071,C5887,07/07/2025,17:36:43,1246.06,EUR,retrait,Tanger,en ligne,Cash,alimentaire,Web,4
T000839,C6468,16/09/2025,00:11:57,8389.64,EUR,paiement en ligne,Marrakech,en ligne,Visa,mode,ATM,7
T000637,C1249,28/08/2025,20:09:04,7248.26,MAD,paiement en ligne,Casablanca,carte,Visa,santé,Web,6
T000264,C5893,25/07/2025,18:43:17,423.83,EUR,virement,Fès,guichet,Cash,santé,Web,10
T000590,C6713,24/08/2025,03:21:41,8914.01,EUR,paiement en ligne,Fès,en ligne,Visa,mode,iOS,10
T000109,C5488,10/07/2025,02:58:38,6243.02,MAD,paiement en ligne,Casablanca,application mobile,Amex,mode,Web,8
T000276,C2060,26/07/2025,20:33:35,64.66,MAD,retrait,Tanger,carte,MasterCard,santé,iOS,2
T000404,C9527,07/08/2025,04:46:48,5211.07,MAD,virement,Tanger,application mobile,Cash,voyage,iOS,2
T000443,C6988,10/08/2025,07:53:04,1590.54,EUR,paiement en ligne,Fès,en ligne,Visa,santé,Web,4
T000513,C6541,17/08/2025,22:52:25,7884.5,EUR,retrait,Fès,en ligne,MasterCard,santé,ATM,8
T000265,C8022,25/07/2025,05:17:18,1322.27,MAD,paiement en ligne,Fès,application mobile,MasterCard,électronique,Web,1
T000570,C5468,22/08/2025,10:24:21,8387.19,MAD,paiement en ligne,Tanger,carte,Amex,santé,Web,8
T000329,C7614,31/07/2025,05:04:46,8572.55,MAD,paiement en ligne,Fès,guichet,Cash,mode,iOS,10
T000647,C5719,29/08/2025,02:54:27,8556.99,MAD,paiement en ligne,Marrakech,application mobile,Amex,voyage,iOS,4
T000845,C8546,16/09/2025,18:53:08,1579.23,MAD,virement,Fès,guichet,MasterCard,électronique,Web,4
T000710,C3393,04/09/2025,04:31:47,7178.15,MAD,retrait,Casablanca,guichet,Amex,alimentaire,ATM,2
T000958,C7783,27/09/2025,05:15:01,5814.18,MAD,virement,Tanger,guichet,Cash,mode,ATM,1
T000781,C4735,10/09/2025,11:34:10,3162.14,MAD,paiement en ligne,Rabat,application mobile,Visa,santé,ATM,5
T000797,C1846,12/09/2025,06:27:27,7579.47,MAD,retrait,Tanger,carte,Cash,électronique,iOS,2
T000044,C7235,04/07/2025,05:57:11,5182.83,MAD,retrait,Casablanca,en ligne,MasterCard,voyage,ATM,2
T000216,C7287,20/07/2025,13:49:51,2441.97,MAD,paiement en ligne,,application mobile,Cash,mode,Web,8
T000855,C6984,17/09/2025,22:23:56,891.43,MAD,paiement en ligne,Fès,en ligne,Visa,mode,Web,2
T000475,C5946,13/08/2025,19:02:34,6395.0,MAD,virement,,en ligne,,mode,ATM,1
T000848,C5227,17/09/2025,20:01:28,,MAD,retrait,Casablanca,guichet,Cash,électronique,ATM,10
T000461,C9787,12/08/2025,11:46:48,9771.22,MAD,virement,Casablanca,guichet,Visa,électronique,iOS,6
T000452,C3143,11/08/2025,22:49:44,203.18,EUR,paiement en ligne,Casablanca,guichet,Cash,alimentaire,ATM,10
T000892,C8863,21/09/2025,15:21:03,7604.96,,paiement en ligne,Tanger,carte,MasterCard,électronique,ATM,8
T000695,C4266,02/09/2025,19:22:24,6223.71,MAD,paiement en ligne,Casablanca,en ligne,,alimentaire,Android,7
T000978,C7704,28/09/2025,03:12:58,7987.44,MAD,paiement en ligne,Casablanca,en ligne,MasterCard,électronique,Android,6
T000608,C7938,25/08/2025,04:15:57,6979.48,MAD,virement,Marrakech,guichet,Visa,mode,ATM,1
T000193,C1659,18/07/2025,14:14:31,4315.59,EUR,paiement en ligne,Rabat,guichet,Cash,santé,Android,7
T000301,C5014,28/07/2025,00:04:19,7817.29,MAD,virement,Marrakech,guichet,Visa,électronique,Android,6
T000613,C9702,26/08/2025,21:23:44,8711.74,MAD,paiement en ligne,Marrakech,guichet,MasterCard,santé,ATM,6
T000510,C3681,16/08/2025,12:31:35,3716.07,EUR,virement,Casablanca,guichet,Amex,électronique,iOS,2
T000392,C3479,06/08/2025,12:41:46,6435.26,MAD,paiement en ligne,Casablanca,application mobile,Amex,mode,Android,3
T000653,C5530,30/08/2025,10:19:17,9022.65,MAD,paiement en ligne,,application mobile,Visa,santé,iOS,6
T000424,C4373,08/08/2025,03:12:48,9516.66,USD,paiement en ligne,Tanger,guichet,Visa,voyage,Android,3
T000321,C3950,30/07/2025,06:30:55,7303.36,USD,paiement en ligne,Rabat,application mobile,Visa,santé,iOS,10
T000877,C1922,19/09/2025,11:37:00,9754.66,MAD,virement,Tanger,en ligne,Cash,santé,Web,2
T000135,C4627,13/07/2025,04:04:53,808.58,MAD,paiement en ligne,Fès,guichet,MasterCard,alimentaire,Android,7
T000896,C3891,21/09/2025,22:50:02,7993.02,MAD,paiement en ligne,Tanger,en ligne,Amex,alimentaire,Web,6
T000658,C7941,30/08/2025,10:19:23,5440.52,USD,paiement en ligne,Rabat,carte,Visa,électronique,iOS,1
T000398,C3849,06/08/2025,15:48:25,1058.66,USD,retrait,Casablanca,guichet,Visa,santé,Web,5
T000957,C4600,27/09/2025,01:44:18,5698.89,MAD,paiement en ligne,Rabat,carte,Amex,mode,iOS,8
T000838,C6951,16/09/2025,07:19:48,7011.41,MAD,retrait,,en ligne,,mode,Web,2
T000844,C3898,16/09/2025,09:13:17,4048.78,MAD,paiement en ligne,Casablanca,en ligne,Cash,mode,Web,3
T000067,C7863,07/07/2025,08:39:16,1299.22,MAD,retrait,Fès,en ligne,Cash,alimentaire,Web,6
T000627,C6997,27/08/2025,08:25:15,4221.75,MAD,retrait,Casablanca,carte,Amex,mode,ATM,5
T000985,C3079,29/09/2025,17:31:21,6744.01,EUR,paiement en ligne,Casablanca,en ligne,MasterCard,santé,Android,1
T000995,C6083,30/09/2025,11:50:36,7515.14,MAD,retrait,Rabat,application mobile,Amex,mode,Web,7
T000153,C4304,14/07/2025,17:05:36,9516.73,MAD,paiement en ligne,,en ligne,Cash,voyage,Web,6
T000195,C8098,18/07/2025,22:25:33,4834.86,MAD,retrait,,carte,Visa,mode,ATM,7
T000954,C9666,26/09/2025,05:10:34,2004.37,,retrait,Marrakech,application mobile,Cash,mode,Web,3
T000020,C4385,02/07/2025,18:47:18,4194.22,MAD,paiement en ligne,Casablanca,guichet,Amex,santé,Android,8
T000131,C7668,12/07/2025,12:45:09,5320.11,MAD,virement,Rabat,application mobile,MasterCard,voyage,iOS,4
T000061,C1995,06/07/2025,00:57:35,6791.55,USD,retrait,Rabat,application mobile,Cash,voyage,ATM,6
T000379,C5070,04/08/2025,13:26:28,6231.86,EUR,paiement en ligne,Fès,en ligne,Amex,électronique,iOS,1
T000274,C2069,26/07/2025,17:48:50,3074.23,MAD,retrait,Casablanca,carte,Cash,mode,ATM,5
T000345,C1004,01/08/2025,08:10:03,4404.73,EUR,virement,Fès,guichet,Cash,santé,iOS,6
T000192,C3511,18/07/2025,10:32:05,999.22,MAD,paiement en ligne,Casablanca,application mobile,Amex,santé,Web,8
T000336,C7293,31/07/2025,07:24:45,1672.2,MAD,virement,Casablanca,guichet,Visa,santé,iOS,5
T000560,C4330,21/08/2025,19:20:43,5081.06,,retrait,Casablanca,carte,Amex,voyage,Web,3
T000515,C9691,17/08/2025,15:17:39,6320.96,MAD,paiement en ligne,Fès,application mobile,Amex,alimentaire,ATM,9
T000660,C2331,30/08/2025,20:41:25,712.32,MAD,paiement en ligne,Tanger,application mobile,MasterCard,mode,ATM,2
T000900,C3674,21/09/2025,11:20:43,1340.31,,paiement en ligne,Rabat,guichet,,électronique,iOS,8
T000938,C5662,25/09/2025,10:02:53,9895.04,EUR,retrait,Tanger,application mobile,Visa,voyage,ATM,5
T000611,C2633,26/08/2025,18:30:18,5026.12,MAD,retrait,Casablanca,guichet,,alimentaire,Web,3
T000752,C2296,08/09/2025,14:17:50,5595.5,MAD,virement,Marrakech,guichet,,alimentaire,ATM,9
T000323,C5780,30/07/2025,22:43:37,2777.01,MAD,paiement en ligne,Marrakech,carte,Cash,mode,Web,8
T000106,C1502,10/07/2025,09:33:29,2292.54,EUR,paiement en ligne,Fès,application mobile,MasterCard,voyage,ATM,7
T000852,C7943,17/09/2025,10:00:54,567.29,MAD,retrait,Rabat,application mobile,Visa,électronique,Android,5
T000324,C3368,30/07/2025,19:22:44,8080.36,MAD,retrait,Tanger,guichet,Amex,voyage,ATM,3
T000209,C2802,20/07/2025,14:33:34,5792.37,MAD,paiement en ligne,Tanger,guichet,Cash,alimentaire,ATM,5
T000340,C4854,01/08/2025,04:40:25,300.67,USD,paiement en ligne,,guichet,MasterCard,santé,ATM,4
T000673,C4472,31/08/2025,21:48:16,3727.26,EUR,virement,Fès,en ligne,Cash,alimentaire,ATM,4
T000830,C9567,15/09/2025,04:07:24,7066.13,MAD,retrait,Casablanca,guichet,MasterCard,électronique,ATM,5
T000634,C5976,28/08/2025,09:34:45,6901.88,USD,paiement en ligne,Fès,carte,MasterCard,voyage,iOS,6
T000130,C2059,12/07/2025,21:52:50,9581.44,MAD,virement,Marrakech,carte,Amex,mode,Web,2
T000541,C8576,19/08/2025,04:04:29,6658.98,MAD,virement,Fès,guichet,,électronique,ATM,6
T000155,C6232,15/07/2025,04:12:16,7131.64,MAD,paiement en ligne,Rabat,carte,Cash,voyage,iOS,2
T000026,C3747,03/07/2025,19:04:36,8807.56,MAD,retrait,Casablanca,guichet,Visa,mode,ATM,3
T000089,C6892,09/07/2025,13:14:52,4010.15,MAD,paiement en ligne,Casablanca,en ligne,Visa,santé,Android,5
T000675,C3832,01/09/2025,05:33:00,7241.24,MAD,paiement en ligne,Rabat,carte,Visa,alimentaire,Web,7
T000239,C5973,22/07/2025,00:01:32,7814.64,MAD,paiement en ligne,Rabat,guichet,MasterCard,électronique,ATM,7
T000709,C1523,04/09/2025,00:54:07,4765.52,MAD,virement,Rabat,carte,Cash,mode,Web,6
T000471,C5360,13/08/2025,09:24:01,7248.31,USD,paiement en ligne,Fès,guichet,Cash,alimentaire,ATM,5
T000311,C8206,29/07/2025,17:13:01,5162.85,,retrait,Rabat,en ligne,Cash,alimentaire,iOS,5
T000708,C7376,04/09/2025,05:32:27,1606.94,EUR,paiement en ligne,Tanger,guichet,Amex,électronique,Android,7
T000236,C1098,22/07/2025,15:53:21,9467.24,MAD,paiement en ligne,Casablanca,carte,Amex,santé,Android,6
T000707,C7981,04/09/2025,17:42:39,6342.29,EUR,paiement en ligne,Marrakech,carte,Cash,mode,iOS,1
T000146,C6530,14/07/2025,08:02:24,8444.31,MAD,paiement en ligne,Rabat,carte,Cash,mode,Android,6
T000864,C4687,18/09/2025,22:39:10,7387.39,MAD,retrait,Marrakech,en ligne,Visa,électronique,Web,3
T000376,C4672,04/08/2025,12:21:18,2911.95,MAD,retrait,Tanger,en ligne,Amex,voyage,Android,10
T000079,C1064,08/07/2025,20:16:22,63.47,USD,retrait,Marrakech,guichet,MasterCard,santé,iOS,3
T000444,C3504,10/08/2025,19:39:55,9450.13,MAD,paiement en ligne,Rabat,guichet,MasterCard,électronique,ATM,6
T000758,C4596,08/09/2025,18:29:13,3286.64,MAD,retrait,Marrakech,application mobile,MasterCard,santé,Web,7
T000618,C6989,26/08/2025,22:48:54,1216.18,MAD,paiement en ligne,Casablanca,guichet,,santé,iOS,7
T000881,C1950,20/09/2025,03:25:26,896.78,MAD,virement,Tanger,carte,Amex,voyage,Android,5
T000807,C2917,13/09/2025,00:56:28,2155.78,MAD,paiement en ligne,Marrakech,carte,Visa,électronique,Android,5
T000114,C8035,11/07/2025,09:29:24,6377.75,EUR,virement,Marrakech,en ligne,Visa,santé,Android,1
T000704,C5777,03/09/2025,05:11:01,6558.62,MAD,paiement en ligne,Rabat,carte,Cash,voyage,Android,5
T000196,C7546,18/07/2025,13:33:28,6641.22,EUR,retrait,Fès,carte,Amex,alimentaire,iOS,1
T000883,C6373,20/09/2025,09:50:49,756.8,MAD,paiement en ligne,,carte,Visa,santé,ATM,6
T000280,C1606,26/07/2025,21:11:02,6647.32,MAD,virement,Casablanca,en ligne,Visa,voyage,ATM,3
T000662,C8648,30/08/2025,04:57:20,787.35,MAD,retrait,Casablanca,en ligne,Cash,santé,ATM,10
T000798,C7316,12/09/2025,03:21:11,4450.82,USD,paiement en ligne,Fès,application mobile,Cash,mode,iOS,1
T000366,C3838,03/08/2025,15:36:14,7976.98,EUR,paiement en ligne,Casablanca,application mobile,Cash,santé,ATM,1
T000120,C9755,11/07/2025,00:52:45,2940.52,,virement,Rabat,en ligne,Cash,santé,Web,10
T000963,C4572,27/09/2025,01:38:02,3753.12,MAD,retrait,Tanger,guichet,Visa,voyage,iOS,10
T000418,C4913,08/08/2025,05:41:31,,MAD,paiement en ligne,Rabat,en ligne,Amex,électronique,Android,4
T000891,C7359,20/09/2025,19:16:44,9732.11,EUR,retrait,Casablanca,carte,Visa,électronique,iOS,1
T000946,C5212,26/09/2025,03:24:36,8390.39,MAD,paiement en ligne,Tanger,guichet,Visa,santé,ATM,1
T000931,C4417,24/09/2025,19:44:16,5764.16,MAD,retrait,Marrakech,guichet,MasterCard,électronique,Android,6
T000609,C5784,25/08/2025,22:51:03,7036.35,MAD,retrait,Marrakech,en ligne,MasterCard,santé,ATM,10
T000683,C4818,01/09/2025,16:31:06,8054.72,MAD,paiement en ligne,Fès,guichet,MasterCard,mode,ATM,7
T000101,C6056,10/07/2025,16:03:28,9913.71,,retrait,Fès,application mobile,Amex,santé,Android,1
T000017,C7420,02/07/2025,22:47:17,3729.64,EUR,paiement en ligne,Casablanca,application mobile,Cash,électronique,Web,4
T000029,C4005,03/07/2025,02:51:57,6097.13,MAD,virement,Fès,application mobile,Cash,voyage,Android,8
T000045,C6486,05/07/2025,22:52:41,2712.55,EUR,paiement en ligne,Casablanca,en ligne,Cash,voyage,Web,10
T000779,C7986,10/09/2025,22:15:28,7848.2,MAD,paiement en ligne,Casablanca,guichet,Amex,voyage,Web,5
T000046,C8099,05/07/2025,21:20:26,8363.03,MAD,paiement en ligne,Fès,guichet,Visa,santé,Android,6
T000518,C5312,17/08/2025,09:20:41,4304.63,MAD,retrait,Casablanca,guichet,Visa,alimentaire,iOS,10
T000540,C2531,19/08/2025,18:42:57,1897.18,USD,virement,Fès,en ligne,Amex,alimentaire,Android,9
T000390,C3141,05/08/2025,21:06:53,3770.51,EUR,retrait,Rabat,en ligne,Cash,voyage,Android,4
T000399,C8390,06/08/2025,04:03:49,2814.64,MAD,paiement en ligne,Fès,en ligne,MasterCard,électronique,Web,2
T000261,C6895,24/07/2025,22:45:35,5413.99,MAD,paiement en ligne,Tanger,en ligne,Amex,électronique,Web,5
T000482,C6588,14/08/2025,19:17:28,186.77,,paiement en ligne,,en ligne,MasterCard,santé,iOS,10
T000689,C7238,02/09/2025,13:26:40,7830.5,EUR,paiement en ligne,Casablanca,en ligne,MasterCard,alimentaire,Android,3
T000801,C1224,12/09/2025,01:26:54,2327.31,MAD,paiement en ligne,Fès,en ligne,Amex,électronique,Android,10
T000241,C3869,23/07/2025,00:12:51,5000.52,MAD,retrait,Tanger,guichet,Cash,voyage,Web,7
T000481,C8192,14/08/2025,12:30:13,7400.3,USD,paiement en ligne,Marrakech,en ligne,Amex,électronique,Android,9
T000260,C9754,24/07/2025,18:57:18,8765.04,EUR,paiement en ligne,Casablanca,en ligne,Visa,santé,Web,4
T000583,C7132,23/08/2025,04:02:00,7201.46,EUR,paiement en ligne,Rabat,carte,Amex,voyage,Android,9
T000226,C2154,21/07/2025,07:10:12,2860.66,EUR,virement,Fès,application mobile,Visa,électronique,Web,6
T000738,C6870,06/09/2025,14:26:34,6636.59,MAD,retrait,Tanger,carte,MasterCard,alimentaire,Android,6
T000360,C9311,03/08/2025,13:09:01,8659.69,MAD,virement,Marrakech,guichet,Cash,santé,Web,3
T000159,C4581,15/07/2025,12:44:32,,MAD,paiement en ligne,Fès,guichet,Cash,voyage,ATM,10
T000070,C1878,07/07/2025,06:34:02,8081.2,EUR,paiement en ligne,Rabat,carte,Amex,mode,iOS,9
T000354,C8987,02/08/2025,06:14:20,8633.27,EUR,retrait,Tanger,application mobile,Amex,santé,Web,3
T000561,C3703,21/08/2025,18:45:48,9414.15,MAD,retrait,Casablanca,carte,Cash,alimentaire,Android,9
T000858,C3190,17/09/2025,03:34:44,,EUR,paiement en ligne,Casablanca,application mobile,Visa,santé,Android,6
T000099,C3731,10/07/2025,22:22:43,9430.11,MAD,paiement en ligne,Marrakech,en ligne,Amex,électronique,Web,6
T000950,C2625,26/09/2025,03:34:01,3315.92,USD,paiement en ligne,Rabat,guichet,Visa,électronique,iOS,3
T000147,C5413,14/07/2025,01:11:41,9812.87,MAD,retrait,Fès,carte,MasterCard,alimentaire,iOS,1
T000339,C5777,01/08/2025,13:52:47,3874.33,MAD,paiement en ligne,Rabat,application mobile,Cash,alimentaire,iOS,9
T000478,C5980,13/08/2025,07:20:33,959.35,MAD,retrait,Fès,application mobile,Visa,mode,Android,5
T000469,C9082,13/08/2025,01:34:17,2624.18,MAD,paiement en ligne,Casablanca,application mobile,MasterCard,alimentaire,Web,8
T000043,C8041,04/07/2025,01:16:36,1159.55,EUR,retrait,Marrakech,en ligne,Amex,voyage,Web,4
T000137,C2663,13/07/2025,08:34:19,8079.31,MAD,paiement en ligne,Rabat,en ligne,Visa,alimentaire,ATM,4
T000836,C6415,15/09/2025,03:17:36,7802.07,USD,paiement en ligne,Tanger,guichet,Visa,mode,Web,8
T000095,C4104,09/07/2025,06:16:13,7487.07,MAD,paiement en ligne,Tanger,application mobile,Visa,alimentaire,ATM,2
T000407,C1851,07/08/2025,16:21:47,1177.37,MAD,paiement en ligne,Rabat,carte,Amex,voyage,ATM,9
T000756,C5632,08/09/2025,05:13:35,8984.3,MAD,retrait,Rabat,application mobile,MasterCard,électronique,Android,3
T000581,C8312,23/08/2025,09:57:15,1694.58,MAD,paiement en ligne,Casablanca,guichet,Visa,mode,ATM,6
T000221,C4108,21/07/2025,13:06:16,2247.49,MAD,paiement en ligne,Casablanca,guichet,Amex,électronique,Web,7
T000369,C2931,03/08/2025,05:45:49,5738.87,MAD,virement,Casablanca,application mobile,MasterCard,mode,ATM,6
T000032,C8734,03/07/2025,13:22:31,6533.82,MAD,virement,Tanger,en ligne,Cash,santé,ATM,6
T000930,C4476,24/09/2025,15:08:07,7263.81,EUR,paiement en ligne,Rabat,carte,Amex,mode,ATM,1
T000725,C1055,05/09/2025,17:05:18,7972.6,MAD,retrait,Casablanca,guichet,Cash,électronique,Web,3
T000211,C9120,20/07/2025,11:17:14,7886.11,USD,virement,Casablanca,application mobile,Cash,voyage,Web,2
T000911,C1984,22/09/2025,20:33:10,873.23,MAD,paiement en ligne,Fès,carte,Amex,voyage,iOS,8
T000208,C5736,20/07/2025,00:57:37,9511.74,MAD,paiement en ligne,Casablanca,carte,MasterCard,voyage,Android,3
T000375,C1559,04/08/2025,14:03:20,,MAD,paiement en ligne,Tanger,en ligne,Visa,santé,Web,6
T000383,C4147,05/08/2025,01:48:12,730.11,MAD,retrait,Fès,en ligne,MasterCard,alimentaire,Web,3
T000734,C2646,06/09/2025,18:46:17,6961.68,MAD,paiement en ligne,Tanger,guichet,Visa,voyage,iOS,6
T000825,C4490,14/09/2025,07:43:18,,MAD,virement,Rabat,guichet,MasterCard,santé,Android,2
T000210,C9155,20/07/2025,16:24:23,3603.36,EUR,paiement en ligne,Casablanca,en ligne,MasterCard,électronique,ATM,8
T000556,C6645,21/08/2025,14:16:39,9142.2,EUR,retrait,Fès,guichet,Amex,électronique,ATM,3
T000744,C7882,07/09/2025,07:54:22,7004.54,MAD,paiement en ligne,Tanger,application mobile,Cash,voyage,Android,9
T000506,C6293,16/08/2025,06:04:00,9211.63,MAD,paiement en ligne,Rabat,application mobile,MasterCard,santé,iOS,5
T000138,C6592,13/07/2025,16:58:41,4623.67,EUR,virement,Marrakech,en ligne,Amex,mode,ATM,10
T000453,C7806,11/08/2025,01:40:20,5850.11,EUR,retrait,Marrakech,application mobile,Cash,électronique,iOS,4
T000831,C4530,15/09/2025,13:22:29,4578.96,MAD,retrait,Fès,guichet,MasterCard,électronique,iOS,10
T000614,C1384,26/08/2025,11:29:57,,USD,paiement en ligne,Casablanca,carte,MasterCard,alimentaire,ATM,6
T000893,C4228,21/09/2025,04:36:40,9679.23,MAD,paiement en ligne,Rabat,application mobile,Visa,voyage,iOS,10
T000615,C1404,26/08/2025,05:52:30,5348.42,MAD,paiement en ligne,Fès,carte,Amex,électronique,ATM,7
T000535,C9647,19/08/2025,16:04:19,6568.98,MAD,paiement en ligne,Casablanca,application mobile,MasterCard,mode,Web,10
T000773,C4812,10/09/2025,10:52:34,2452.89,MAD,paiement en ligne,Fès,application mobile,Amex,électronique,Web,2
T000293,C6854,27/07/2025,01:34:36,7554.77,,retrait,Fès,guichet,Amex,électronique,Web,4
T000426,C3082,09/08/2025,20:07:37,966.07,MAD,virement,Rabat,en ligne,Cash,électronique,Web,5
T000191,C5282,18/07/2025,19:11:06,7302.17,MAD,retrait,Fès,en ligne,Visa,alimentaire,Web,3
T000783,C3590,11/09/2025,20:04:47,2358.58,MAD,paiement en ligne,Marrakech,en ligne,Cash,mode,iOS,4
T000612,C8266,26/08/2025,16:45:18,,MAD,virement,Marrakech,en ligne,Visa,mode,Web,2
T000008,C5426,01/07/2025,22:58:07,6459.28,MAD,paiement en ligne,Rabat,en ligne,MasterCard,alimentaire,Android,6
T000625,C8245,27/08/2025,14:05:46,2082.95,MAD,paiement en ligne,Casablanca,application mobile,Visa,alimentaire,ATM,4
T000275,C4444,26/07/2025,08:35:57,2342.65,MAD,virement,Rabat,en ligne,Amex,santé,iOS,10
T000395,C5452,06/08/2025,08:25:08,2029.97,EUR,paiement en ligne,Fès,carte,,santé,iOS,8
T000824,C2994,14/09/2025,13:44:00,,MAD,virement,Rabat,en ligne,Cash,électronique,Android,6
T000190,C9800,18/07/2025,03:58:34,8488.02,MAD,paiement en ligne,Rabat,carte,Visa,voyage,Web,6
T000157,C7585,15/07/2025,18:57:02,5716.92,MAD,paiement en ligne,,application mobile,MasterCard,électronique,Web,3
T000759,C7168,08/09/2025,19:48:24,9014.56,USD,retrait,,guichet,MasterCard,santé,iOS,7
T000292,C2816,27/07/2025,16:58:24,9849.34,EUR,paiement en ligne,Marrakech,guichet,Visa,électronique,ATM,1
T000125,C7374,12/07/2025,05:38:55,1515.67,MAD,paiement en ligne,Marrakech,en ligne,Cash,voyage,iOS,4
T000477,C9335,13/08/2025,12:52:33,7154.82,MAD,retrait,Tanger,carte,,électronique,Web,4
T000748,C6750,07/09/2025,20:52:45,2632.79,MAD,paiement en ligne,Casablanca,guichet,Cash,voyage,ATM,4
T000794,C3551,12/09/2025,07:20:50,5890.02,EUR,retrait,Fès,en ligne,,alimentaire,iOS,2
T000465,C1698,12/08/2025,05:02:15,971.62,EUR,paiement en ligne,Rabat,carte,Visa,voyage,Android,1
T000238,C3961,22/07/2025,07:31:49,4223.51,EUR,paiement en ligne,Tanger,carte,Amex,alimentaire,Web,9
T000672,C7327,31/08/2025,10:40:38,733.7,EUR,paiement en ligne,Rabat,carte,Amex,électronique,Android,3
T000977,C6182,28/09/2025,14:21:29,3776.76,MAD,virement,Casablanca,en ligne,Visa,voyage,Android,8
T000785,C5324,11/09/2025,11:32:52,7655.32,,paiement en ligne,,guichet,Visa,mode,Android,1
T000325,C7655,30/07/2025,19:15:49,,MAD,retrait,Rabat,application mobile,Visa,santé,ATM,1
T000714,C7190,04/09/2025,11:10:45,2452.93,EUR,retrait,Marrakech,application mobile,Amex,électronique,Android,8
T000591,C8026,24/08/2025,21:11:16,2453.29,MAD,retrait,Casablanca,guichet,Amex,alimentaire,Web,3
T000713,C7937,04/09/2025,18:31:08,3172.58,EUR,paiement en ligne,Fès,en ligne,Visa,électronique,Web,5
T000033,C2267,03/07/2025,16:49:50,7399.04,MAD,retrait,Casablanca,carte,Amex,voyage,ATM,5
T000440,C1728,10/08/2025,07:19:02,8667.65,MAD,retrait,Casablanca,guichet,Amex,alimentaire,ATM,1
T000273,C3205,26/07/2025,11:19:23,3076.78,MAD,retrait,Casablanca,en ligne,MasterCard,alimentaire,iOS,10
T000246,C5493,23/07/2025,22:43:48,8557.55,EUR,paiement en ligne,Fès,guichet,Visa,voyage,ATM,8
T000490,C6305,15/08/2025,18:08:34,6086.98,EUR,retrait,Marrakech,guichet,MasterCard,voyage,iOS,2
T000776,C2605,10/09/2025,03:27:07,1344.3,MAD,paiement en ligne,Rabat,guichet,MasterCard,voyage,Android,10
T000262,C4354,25/07/2025,12:07:28,2860.6,EUR,paiement en ligne,Rabat,carte,Amex,voyage,iOS,7
T000990,C8186,30/09/2025,10:18:08,2669.31,,virement,Casablanca,en ligne,Visa,santé,Web,5
T000870,C9135,19/09/2025,00:46:19,6245.17,MAD,paiement en ligne,Tanger,carte,Cash,électronique,ATM,6
T000259,C4436,24/07/2025,12:24:44,1558.37,EUR,paiement en ligne,Fès,guichet,MasterCard,alimentaire,iOS,1
T000092,C4099,09/07/2025,22:28:17,2320.94,MAD,virement,Casablanca,application mobile,,santé,iOS,4
T000289,C4327,27/07/2025,21:46:13,3740.86,USD,paiement en ligne,Casablanca,en ligne,MasterCard,mode,iOS,2
T000983,C1951,29/09/2025,11:48:14,,MAD,retrait,Fès,guichet,Visa,électronique,Android,6
T000623,C5809,27/08/2025,16:05:03,3949.0,MAD,paiement en ligne,Tanger,guichet,Amex,santé,ATM,5
T000840,C9007,16/09/2025,18:14:40,8037.97,MAD,paiement en ligne,Tanger,carte,Visa,voyage,Web,9
T000315,C1537,29/07/2025,04:32:48,8283.69,MAD,paiement en ligne,Casablanca,guichet,Visa,santé,Web,8
T000601,C2015,25/08/2025,05:20:53,2234.56,MAD,retrait,Fès,en ligne,Visa,électronique,Web,7
T000912,C8790,22/09/2025,21:44:46,4871.15,EUR,paiement en ligne,Fès,carte,Visa,santé,iOS,10
T000007,C1466,01/07/2025,22:02:23,7829.15,MAD,virement,Rabat,carte,Visa,voyage,iOS,7
T000183,C9004,17/07/2025,03:19:31,139.93,EUR,virement,Tanger,guichet,Cash,mode,ATM,6
T000181,C5389,17/07/2025,01:27:14,5014.01,MAD,virement,Casablanca,en ligne,Visa,électronique,Android,8
T000916,C5451,23/09/2025,19:40:45,1414.63,MAD,paiement en ligne,Fès,application mobile,Visa,alimentaire,iOS,10
T000874,C6788,19/09/2025,10:48:48,670.82,USD,paiement en ligne,Marrakech,en ligne,Visa,santé,iOS,3
T000999,C7016,30/09/2025,22:20:20,983.08,MAD,paiement en ligne,Fès,en ligne,Amex,voyage,ATM,2
T000633,C5544,28/08/2025,18:52:18,6302.84,EUR,virement,Rabat,carte,Amex,voyage,Web,1
T000085,C6258,08/07/2025,14:31:09,,MAD,paiement en ligne,Casablanca,en ligne,Cash,voyage,iOS,3
T000078,C3062,08/07/2025,18:07:30,3748.81,EUR,retrait,Tanger,application mobile,Cash,santé,Web,10
T000460,C6917,12/08/2025,04:51:41,6740.98,MAD,paiement en ligne,Marrakech,application mobile,Visa,alimentaire,ATM,5
T000201,C2843,19/07/2025,01:46:13,9932.89,USD,paiement en ligne,Tanger,guichet,Amex,mode,Android,3
T000410,C3427,07/08/2025,09:08:13,7060.32,MAD,retrait,Marrakech,en ligne,Cash,santé,ATM,3
T000640,C5363,28/08/2025,17:34:00,8222.81,,paiement en ligne,Marrakech,en ligne,Amex,alimentaire,iOS,2
T000763,C7371,09/09/2025,13:50:02,2527.64,MAD,paiement en ligne,Rabat,carte,Cash,voyage,ATM,7
T000470,C5171,13/08/2025,13:19:17,4372.31,EUR,paiement en ligne,Casablanca,guichet,MasterCard,mode,ATM,8
T000052,C8555,05/07/2025,13:01:53,4165.74,MAD,paiement en ligne,Tanger,application mobile,MasterCard,voyage,Android,9
T000512,C7172,17/08/2025,10:20:51,6681.31,MAD,virement,Fès,guichet,Cash,électronique,iOS,4
T000757,C7288,08/09/2025,20:07:34,8886.78,EUR,virement,Marrakech,application mobile,Amex,santé,Web,4
T000312,C6596,29/07/2025,08:36:19,5113.46,EUR,retrait,Casablanca,carte,MasterCard,mode,Web,4
T000419,C2066,08/08/2025,06:44:45,6584.72,EUR,paiement en ligne,Tanger,application mobile,MasterCard,santé,iOS,7
T000652,C5673,29/08/2025,12:35:55,8045.2,MAD,paiement en ligne,Rabat,en ligne,Visa,électronique,ATM,6
T000676,C4579,01/09/2025,09:20:04,6584.46,USD,retrait,Fès,guichet,Cash,alimentaire,Android,6
T000019,C5555,02/07/2025,00:22:20,7687.3,MAD,paiement en ligne,Casablanca,application mobile,Amex,voyage,iOS,8
T000833,C3635,15/09/2025,16:46:19,8381.8,USD,virement,Tanger,application mobile,Cash,mode,Web,9
T000723,C1302,05/09/2025,04:34:27,8227.22,MAD,virement,Tanger,application mobile,Visa,voyage,Android,1
T000559,C9053,21/08/2025,17:21:51,3576.53,EUR,paiement en ligne,Marrakech,application mobile,MasterCard,électronique,ATM,1
T000764,C5206,09/09/2025,09:18:08,5788.19,MAD,virement,Tanger,application mobile,Visa,voyage,iOS,6
T000687,C8830,02/09/2025,07:20:14,7676.82,EUR,paiement en ligne,Fès,guichet,Amex,mode,Android,2
T000118,C3790,11/07/2025,17:03:17,3484.66,EUR,retrait,Marrakech,en ligne,Amex,mode,Web,3
T000534,C7619,19/08/2025,18:23:34,4126.23,,retrait,Casablanca,carte,MasterCard,mode,iOS,8
T000154,C4763,15/07/2025,15:12:27,9948.45,USD,paiement en ligne,Casablanca,en ligne,Visa,alimentaire,Web,2
T000600,C6124,25/08/2025,02:25:36,2380.32,MAD,paiement en ligne,Tanger,guichet,Amex,électronique,ATM,5
T000326,C9173,30/07/2025,09:54:07,3486.15,MAD,paiement en ligne,Tanger,guichet,,mode,iOS,9
T000961,C2990,27/09/2025,05:01:01,2336.78,EUR,paiement en ligne,Casablanca,carte,Cash,mode,Web,2
T000827,C2604,15/09/2025,20:44:11,6377.61,USD,paiement en ligne,Tanger,guichet,Amex,voyage,iOS,6
T000803,C7283,12/09/2025,22:37:05,9285.41,USD,paiement en ligne,Casablanca,carte,Cash,mode,ATM,1
T000355,C7799,02/08/2025,18:28:24,1833.59,MAD,virement,Casablanca,carte,Amex,voyage,Android,1
T000205,C6759,19/07/2025,04:58:19,3954.96,MAD,virement,Rabat,application mobile,MasterCard,alimentaire,Android,9
T000509,C7938,16/08/2025,20:17:36,2725.09,USD,paiement en ligne,Marrakech,guichet,Cash,alimentaire,ATM,6
T000436,C6745,10/08/2025,14:56:54,6119.57,EUR,retrait,Rabat,application mobile,Visa,voyage,iOS,9
T000589,C4324,24/08/2025,12:08:51,1699.19,MAD,paiement en ligne,Casablanca,en ligne,MasterCard,électronique,ATM,3
T000297,C2895,28/07/2025,10:09:02,830.64,EUR,virement,Casablanca,guichet,Amex,santé,Web,1
T000113,C8721,11/07/2025,11:46:56,8120.68,MAD,paiement en ligne,,application mobile,MasterCard,électronique,Web,1
T000632,C6565,28/08/2025,16:58:44,,MAD,paiement en ligne,Casablanca,application mobile,MasterCard,électronique,Android,6
T000128,C4242,12/07/2025,06:51:03,4504.35,MAD,paiement en ligne,Casablanca,guichet,Amex,santé,iOS,10
T000728,C3125,05/09/2025,11:08:20,2677.42,MAD,retrait,Fès,guichet,Amex,alimentaire,iOS,1
T000314,C3806,29/07/2025,05:36:52,9332.6,MAD,virement,Tanger,guichet,Visa,voyage,ATM,5
T000692,C8687,02/09/2025,02:07:43,5204.18,USD,paiement en ligne,Rabat,guichet,Visa,santé,Web,9
T000557,C4486,21/08/2025,17:54:08,9530.51,MAD,retrait,Marrakech,application mobile,Visa,mode,iOS,2
T000926,C4368,24/09/2025,20:13:26,8232.69,MAD,virement,Rabat,application mobile,MasterCard,alimentaire,iOS,8
T000986,C3717,29/09/2025,05:16:22,2244.02,EUR,virement,Rabat,en ligne,Visa,alimentaire,ATM,6
T000427,C9967,09/08/2025,07:49:02,6010.49,EUR,retrait,Fès,en ligne,Amex,voyage,Android,10
T000059,C1161,06/07/2025,14:23:53,9636.82,,paiement en ligne,Marrakech,carte,Amex,santé,iOS,9
T000927,C4797,24/09/2025,17:27:50,616.94,EUR,paiement en ligne,Casablanca,guichet,Visa,mode,ATM,6
T000928,C2792,24/09/2025,14:46:03,4215.14,MAD,paiement en ligne,Fès,en ligne,Amex,voyage,ATM,1
T000405,C6878,07/08/2025,02:43:33,1834.68,EUR,retrait,Fès,guichet,Amex,mode,iOS,5
T000406,C7303,07/08/2025,00:54:20,9708.23,MAD,retrait,Casablanca,application mobile,Visa,voyage,Android,5
T000381,C8004,04/08/2025,07:15:41,7340.36,EUR,paiement en ligne,Casablanca,en ligne,,alimentaire,Web,4
T000361,C1830,03/08/2025,13:08:02,1614.87,MAD,paiement en ligne,Fès,carte,MasterCard,alimentaire,iOS,3
T000251,C5496,24/07/2025,07:07:49,5093.86,USD,paiement en ligne,Fès,application mobile,MasterCard,mode,ATM,1
T000489,C6161,14/08/2025,14:08:22,,EUR,virement,Tanger,guichet,,électronique,Android,4
T000091,C7184,09/07/2025,15:07:49,703.66,MAD,virement,Casablanca,guichet,Cash,mode,iOS,8
T000681,C5300,01/09/2025,14:39:37,4865.69,EUR,paiement en ligne,Marrakech,application mobile,MasterCard,alimentaire,Web,6
T000166,C1854,16/07/2025,05:06:04,9083.59,USD,paiement en ligne,Casablanca,carte,Amex,santé,Android,7
T000278,C4420,26/07/2025,03:05:38,9670.11,USD,paiement en ligne,Rabat,application mobile,MasterCard,électronique,Web,8
T000053,C4073,05/07/2025,10:00:50,4954.0,MAD,retrait,Casablanca,en ligne,Cash,voyage,ATM,10
T000882,C3336,20/09/2025,13:53:42,3886.7,EUR,retrait,Marrakech,application mobile,Cash,voyage,Android,3
T000449,C2571,11/08/2025,20:15:11,7026.34,MAD,paiement en ligne,Casablanca,en ligne,Cash,santé,Android,4
T000604,C8449,25/08/2025,03:56:44,5590.94,MAD,paiement en ligne,Tanger,en ligne,Visa,électronique,ATM,6
T000455,C4440,11/08/2025,08:00:10,4530.03,EUR,paiement en ligne,Rabat,en ligne,Visa,alimentaire,ATM,2
T000235,C6592,22/07/2025,13:31:14,8946.24,MAD,paiement en ligne,Casablanca,application mobile,,santé,ATM,1
T000116,C8858,11/07/2025,00:29:48,,USD,paiement en ligne,Marrakech,carte,Cash,santé,iOS,6
T000666,C4177,31/08/2025,20:11:56,,,paiement en ligne,Rabat,application mobile,Amex,électronique,ATM,4
T000143,C8526,14/07/2025,03:13:36,4483.14,EUR,paiement en ligne,Tanger,guichet,Amex,alimentaire,ATM,4
T000253,C5555,24/07/2025,06:10:19,8118.24,EUR,paiement en ligne,Tanger,en ligne,MasterCard,mode,Android,10
T000962,C6299,27/09/2025,12:55:46,5548.99,MAD,retrait,Rabat,application mobile,Cash,santé,Android,5
T000093,C7278,09/07/2025,19:38:34,2503.71,MAD,retrait,Casablanca,application mobile,Visa,mode,iOS,10
T000232,C5199,22/07/2025,05:40:07,7599.82,EUR,paiement en ligne,Casablanca,carte,Amex,électronique,Android,2
T000263,C1225,25/07/2025,22:52:54,4281.02,MAD,paiement en ligne,,carte,MasterCard,santé,Android,4
T000447,C2122,11/08/2025,21:17:07,2066.19,EUR,virement,Rabat,carte,MasterCard,électronique,Web,10
T000203,C3976,19/07/2025,02:16:43,7622.03,USD,paiement en ligne,Fès,en ligne,,santé,Web,10
T000338,C8509,01/08/2025,18:30:15,7357.72,EUR,retrait,Tanger,carte,Cash,mode,iOS,1
T000050,C2585,05/07/2025,12:16:25,242.31,MAD,paiement en ligne,Marrakech,carte,MasterCard,électronique,Web,7
T000574,C8483,22/08/2025,18:22:23,6124.94,MAD,paiement en ligne,Casablanca,carte,Cash,voyage,Android,7
T000055,C4843,05/07/2025,20:10:39,5332.83,EUR,paiement en ligne,Casablanca,carte,Amex,alimentaire,Android,9
T000624,C5178,27/08/2025,19:47:46,8961.96,MAD,virement,Casablanca,en ligne,Cash,électronique,ATM,10
T000468,C8400,13/08/2025,02:01:26,4368.51,MAD,paiement en ligne,Tanger,guichet,Amex,électronique,Web,5
T000799,C7469,12/09/2025,12:02:21,7088.6,MAD,retrait,Marrakech,carte,Cash,mode,Web,6
T000035,C4556,04/07/2025,07:01:44,6466.08,MAD,paiement en ligne,Tanger,carte,MasterCard,alimentaire,iOS,4
T000027,C1189,03/07/2025,05:29:08,2196.62,MAD,paiement en ligne,Tanger,en ligne,Visa,mode,ATM,6
T000563,C9120,21/08/2025,22:38:48,1070.55,MAD,paiement en ligne,Casablanca,application mobile,Visa,alimentaire,ATM,7
T000821,C2342,14/09/2025,22:40:38,,EUR,paiement en ligne,Fès,carte,Cash,voyage,ATM,10
T000368,C8560,03/08/2025,10:47:22,6267.5,,paiement en ligne,Fès,en ligne,Visa,alimentaire,Web,3
T000401,C3489,06/08/2025,09:24:17,4348.59,USD,retrait,Marrakech,application mobile,Amex,voyage,iOS,3
T000721,C2276,05/09/2025,02:32:03,6976.75,MAD,paiement en ligne,Fès,guichet,Amex,alimentaire,ATM,7
T000048,C9226,05/07/2025,01:11:44,3821.99,MAD,paiement en ligne,Casablanca,guichet,Cash,mode,ATM,2
T000720,C5432,05/09/2025,22:26:04,815.87,EUR,paiement en ligne,,application mobile,Visa,santé,Android,6
T000386,C4506,05/08/2025,11:09:38,4356.03,MAD,paiement en ligne,Tanger,guichet,Cash,voyage,iOS,9
T000914,C4531,23/09/2025,21:10:38,5655.91,EUR,paiement en ligne,Rabat,guichet,Cash,alimentaire,iOS,5
T000903,C3116,22/09/2025,02:12:46,6756.24,MAD,retrait,Fès,application mobile,MasterCard,voyage,iOS,7
T000182,C3327,17/07/2025,04:28:21,170.43,EUR,virement,Fès,carte,MasterCard,électronique,iOS,7
T000576,C5964,22/08/2025,10:36:32,6752.77,MAD,paiement en ligne,Casablanca,carte,Cash,voyage,iOS,5
T000770,C6401,09/09/2025,07:16:29,8076.32,EUR,virement,Tanger,carte,MasterCard,santé,ATM,3
T000905,C7166,22/09/2025,18:16:34,2144.54,MAD,paiement en ligne,Casablanca,application mobile,Amex,électronique,Web,5
T000661,C5261,30/08/2025,11:55:13,6500.76,MAD,paiement en ligne,Rabat,en ligne,Visa,santé,Web,10
T000603,C9415,25/08/2025,09:37:45,6182.19,EUR,paiement en ligne,Tanger,guichet,Visa,électronique,iOS,9
T000331,C1853,31/07/2025,00:54:54,7284.21,MAD,virement,Tanger,application mobile,Cash,mode,iOS,8
T000302,C2686,28/07/2025,07:42:11,5858.54,MAD,retrait,Casablanca,en ligne,Cash,voyage,Android,2
T000316,C6986,30/07/2025,18:13:11,6987.23,EUR,paiement en ligne,Casablanca,guichet,Visa,santé,Web,1
T000539,C2214,19/08/2025,06:50:27,,EUR,paiement en ligne,Fès,application mobile,Cash,voyage,ATM,3
T000747,C9152,07/09/2025,20:34:56,359.93,MAD,paiement en ligne,Casablanca,carte,Visa,électronique,ATM,10
T000318,C9716,30/07/2025,17:23:58,4644.08,MAD,retrait,Fès,application mobile,,voyage,ATM,4
T000670,C8043,31/08/2025,00:16:23,3537.68,MAD,retrait,Rabat,en ligne,Visa,voyage,iOS,1
T000377,C8404,04/08/2025,01:13:03,3102.43,EUR,retrait,,en ligne,MasterCard,voyage,ATM,3
T000575,C1539,22/08/2025,11:12:21,1645.64,,virement,Fès,carte,Visa,mode,Android,5
T000944,C4507,25/09/2025,16:39:06,,EUR,paiement en ligne,Fès,en ligne,Amex,électronique,ATM,2
T000347,C6315,01/08/2025,03:37:18,7063.47,MAD,retrait,,application mobile,MasterCard,alimentaire,iOS,4
T000940,C6031,25/09/2025,15:11:01,,MAD,paiement en ligne,Marrakech,application mobile,Amex,alimentaire,Android,8
T000735,C1918,06/09/2025,10:56:22,2226.22,MAD,paiement en ligne,Marrakech,application mobile,Visa,voyage,Web,4
T000554,C2256,20/08/2025,15:31:31,7903.46,EUR,paiement en ligne,Casablanca,carte,Visa,alimentaire,ATM,8
T000705,C4900,03/09/2025,06:15:02,8896.82,MAD,virement,Casablanca,carte,Amex,voyage,ATM,6
T000565,C2353,21/08/2025,17:20:12,5556.04,EUR,paiement en ligne,Marrakech,carte,Cash,alimentaire,Web,7
T000555,C4376,21/08/2025,01:10:09,3112.57,EUR,paiement en ligne,Marrakech,application mobile,Visa,électronique,ATM,10
T000435,C8668,09/08/2025,04:12:28,7080.97,MAD,retrait,Tanger,guichet,Cash,voyage,iOS,8
T000245,C7944,23/07/2025,14:33:41,3349.07,MAD,paiement en ligne,Casablanca,application mobile,Cash,santé,iOS,3
T000041,C8513,04/07/2025,17:20:41,3709.47,,paiement en ligne,Fès,en ligne,Amex,électronique,Web,6
T000645,C5858,29/08/2025,11:41:29,4540.38,MAD,virement,Tanger,application mobile,Visa,voyage,Android,2
T000173,C2707,16/07/2025,12:28:11,4795.16,MAD,paiement en ligne,Fès,application mobile,Amex,électronique,Web,2
T000817,C3060,14/09/2025,08:08:23,6791.44,EUR,paiement en ligne,Rabat,en ligne,MasterCard,alimentaire,Web,4
T000629,C5780,27/08/2025,09:49:02,7937.94,EUR,virement,Tanger,en ligne,Visa,électronique,iOS,7
T000268,C8683,25/07/2025,09:50:34,4194.83,,paiement en ligne,Rabat,carte,MasterCard,électronique,Android,2
T000508,C7313,16/08/2025,17:44:20,5406.4,EUR,retrait,Tanger,application mobile,Amex,alimentaire,iOS,5
T000344,C4051,01/08/2025,20:12:30,9704.06,MAD,paiement en ligne,Fès,carte,MasterCard,santé,ATM,9
T000450,C6073,11/08/2025,05:51:33,6817.11,MAD,retrait,Fès,carte,Cash,santé,ATM,4
T000843,C5820,16/09/2025,18:10:12,4910.53,MAD,retrait,Fès,en ligne,Visa,mode,Android,4
T000867,C9389,18/09/2025,06:33:55,9972.52,MAD,paiement en ligne,Fès,application mobile,MasterCard,électronique,ATM,3
T000577,C5835,23/08/2025,02:53:18,1833.57,MAD,paiement en ligne,Rabat,carte,Amex,électronique,ATM,5
T000932,C2645,24/09/2025,16:48:32,6688.76,MAD,retrait,Fès,en ligne,MasterCard,mode,Android,3
T000782,C9434,10/09/2025,13:49:20,6560.7,MAD,paiement en ligne,Tanger,carte,MasterCard,santé,iOS,10
T000566,C6063,22/08/2025,20:07:45,5056.17,MAD,virement,Rabat,en ligne,Cash,électronique,Web,10
T000584,C8891,23/08/2025,03:39:34,7337.39,MAD,paiement en ligne,Casablanca,guichet,MasterCard,mode,ATM,6
T000057,C7873,06/07/2025,06:39:34,148.74,,paiement en ligne,Marrakech,application mobile,Visa,santé,ATM,1
T000132,C4157,13/07/2025,10:33:56,2456.84,MAD,paiement en ligne,Casablanca,application mobile,Amex,électronique,ATM,8
T000160,C8554,15/07/2025,05:23:18,5955.93,EUR,paiement en ligne,Marrakech,en ligne,Amex,santé,iOS,5
T000006,C7265,01/07/2025,07:00:56,1098.38,USD,paiement en ligne,Tanger,en ligne,Visa,alimentaire,Android,10
T000907,C1345,22/09/2025,18:36:38,1511.87,MAD,virement,,guichet,Visa,alimentaire,iOS,1
T000068,C8916,07/07/2025,00:24:42,218.63,EUR,retrait,Rabat,en ligne,Visa,voyage,ATM,4
T000910,C8783,22/09/2025,03:53:18,1591.51,EUR,paiement en ligne,Casablanca,guichet,Visa,mode,iOS,5
T000081,C3568,08/07/2025,05:07:24,6482.26,MAD,retrait,Casablanca,carte,Cash,électronique,iOS,5
T000974,C5243,28/09/2025,19:31:49,9700.77,MAD,paiement en ligne,Rabat,en ligne,Amex,voyage,ATM,5
T000358,C2693,02/08/2025,05:25:10,3995.71,MAD,retrait,Fès,en ligne,,mode,iOS,3
T000617,C3000,26/08/2025,12:35:29,6076.1,MAD,retrait,Rabat,carte,MasterCard,voyage,ATM,8
T000372,C1512,04/08/2025,10:54:15,170.96,MAD,virement,Casablanca,en ligne,MasterCard,voyage,iOS,3
T000295,C1569,28/07/2025,11:55:35,5926.85,,paiement en ligne,Casablanca,carte,Visa,alimentaire,iOS,5
T000011,C2685,01/07/2025,00:27:46,9570.16,MAD,retrait,Casablanca,application mobile,Visa,voyage,iOS,4
T000953,C9070,26/09/2025,03:29:30,1303.72,EUR,virement,Casablanca,en ligne,Visa,santé,Android,2
T000537,C7530,19/08/2025,13:35:10,1636.95,MAD,paiement en ligne,Casablanca,application mobile,Visa,santé,Android,10
T000206,C7694,19/07/2025,05:18:56,7554.94,MAD,virement,Casablanca,carte,Visa,mode,iOS,6
T000439,C8587,10/08/2025,16:15:11,5996.8,EUR,virement,Rabat,application mobile,Cash,voyage,iOS,8
T000328,C7002,31/07/2025,22:07:28,9786.33,MAD,retrait,Marrakech,en ligne,Visa,alimentaire,Web,6
T000343,C6691,01/08/2025,15:12:08,7051.81,MAD,paiement en ligne,Fès,en ligne,Visa,mode,ATM,10
T000690,C7090,02/09/2025,07:57:27,7529.88,USD,retrait,Casablanca,en ligne,Cash,alimentaire,Web,8
T000500,C7731,15/08/2025,21:13:06,6187.0,,paiement en ligne,Casablanca,en ligne,Amex,voyage,Android,7
T000250,C2218,23/07/2025,08:49:11,9410.81,USD,virement,Fès,guichet,Amex,alimentaire,ATM,7
T000573,C3745,22/08/2025,17:30:14,4420.15,MAD,virement,Rabat,guichet,MasterCard,mode,iOS,2
T000856,C6142,17/09/2025,05:27:20,6088.13,EUR,retrait,Rabat,guichet,Amex,alimentaire,ATM,1
T000149,C1663,14/07/2025,04:10:58,8545.16,EUR,paiement en ligne,Casablanca,carte,Cash,alimentaire,ATM,10
T000913,C1827,22/09/2025,11:53:20,3059.07,EUR,paiement en ligne,Casablanca,carte,Amex,mode,Android,10
T000144,C9901,14/07/2025,01:10:40,2131.4,EUR,paiement en ligne,Casablanca,application mobile,Amex,mode,Web,10
T000802,C5208,12/09/2025,08:00:07,5988.68,EUR,virement,Casablanca,en ligne,Cash,mode,Android,2
T000753,C7229,08/09/2025,00:05:58,437.84,MAD,retrait,Rabat,application mobile,Amex,électronique,iOS,9
T000642,C9427,29/08/2025,21:45:43,4876.69,MAD,paiement en ligne,Rabat,application mobile,Amex,santé,Android,4
T000869,C2202,18/09/2025,04:55:00,8978.79,MAD,paiement en ligne,Casablanca,guichet,Amex,santé,Android,3
T000396,C6881,06/08/2025,14:09:23,4212.42,MAD,retrait,Rabat,en ligne,Visa,électronique,Android,6
T000533,C4709,18/08/2025,10:00:44,7656.19,MAD,paiement en ligne,Casablanca,carte,Amex,mode,Android,6
T000648,C3814,29/08/2025,13:55:09,8831.47,MAD,virement,Marrakech,guichet,MasterCard,santé,ATM,9
T000408,C2687,07/08/2025,04:14:34,4065.83,EUR,retrait,Casablanca,carte,Amex,voyage,ATM,8
T000688,C8350,02/09/2025,21:51:27,5857.95,MAD,virement,Rabat,application mobile,Amex,alimentaire,iOS,10
T000096,C8215,09/07/2025,02:43:44,4764.41,USD,paiement en ligne,Rabat,guichet,Cash,voyage,iOS,1
T000472,C3502,13/08/2025,21:32:35,140.09,MAD,paiement en ligne,Casablanca,application mobile,Cash,voyage,ATM,10
T000225,C3255,21/07/2025,20:01:23,8674.37,EUR,retrait,Fès,application mobile,MasterCard,mode,Web,8
T000711,C3593,04/09/2025,10:36:03,2745.88,EUR,paiement en ligne,Rabat,application mobile,MasterCard,électronique,Android,7
T000875,C6408,19/09/2025,05:04:07,3386.03,MAD,paiement en ligne,Casablanca,application mobile,,électronique,ATM,5
T000936,C2854,25/09/2025,22:15:49,5403.33,EUR,paiement en ligne,Casablanca,en ligne,Amex,santé,ATM,10
T000810,C3026,13/09/2025,15:44:19,6512.61,USD,paiement en ligne,Fès,guichet,Visa,électronique,ATM,9
T000299,C4863,28/07/2025,09:28:09,7107.74,MAD,paiement en ligne,Rabat,en ligne,MasterCard,santé,ATM,2
T000197,C2986,19/07/2025,03:16:34,1229.1,EUR,retrait,Tanger,carte,Amex,mode,Web,9
T000367,C2150,03/08/2025,11:35:14,2542.16,EUR,virement,Tanger,guichet,Cash,voyage,ATM,3
T000474,C3782,13/08/2025,15:53:45,6152.25,,virement,Tanger,carte,MasterCard,santé,Android,6
T000346,C6222,01/08/2025,01:37:45,2387.99,EUR,paiement en ligne,Casablanca,guichet,Visa,santé,Web,8
T000915,C8147,23/09/2025,04:16:55,8047.86,USD,paiement en ligne,Rabat,guichet,MasterCard,électronique,iOS,7
T000204,C2959,19/07/2025,20:46:15,3748.65,EUR,paiement en ligne,Fès,guichet,MasterCard,mode,Web,5
T000189,C7287,18/07/2025,14:28:11,3250.62,MAD,retrait,Casablanca,carte,Cash,voyage,ATM,5
T000792,C9837,11/09/2025,08:18:25,6264.91,MAD,paiement en ligne,Marrakech,carte,Visa,électronique,iOS,8
T000973,C1688,28/09/2025,07:53:51,9274.88,USD,paiement en ligne,Tanger,carte,Visa,voyage,ATM,7
T000967,C5757,27/09/2025,00:16:40,,USD,paiement en ligne,Rabat,carte,Visa,santé,iOS,4
T000499,C5846,15/08/2025,19:34:06,2042.81,MAD,virement,Casablanca,application mobile,Amex,alimentaire,ATM,3
T000733,C6122,06/09/2025,19:33:40,1949.72,MAD,retrait,Fès,guichet,Visa,mode,iOS,1
T000760,C8561,08/09/2025,07:23:13,9961.77,EUR,paiement en ligne,Rabat,carte,Amex,mode,ATM,2
T000322,C8992,30/07/2025,14:42:49,8623.82,MAD,retrait,Rabat,application mobile,Amex,santé,iOS,3
T000697,C5188,03/09/2025,04:50:10,1740.32,MAD,paiement en ligne,Fès,en ligne,Cash,santé,Web,7
T000063,C2016,06/07/2025,02:51:42,7751.21,USD,paiement en ligne,,en ligne,MasterCard,santé,iOS,7
T000868,C6765,18/09/2025,04:06:03,348.76,MAD,paiement en ligne,Casablanca,application mobile,MasterCard,électronique,Android,3
T000016,C6051,02/07/2025,21:20:13,3718.64,MAD,retrait,Marrakech,carte,MasterCard,mode,ATM,2
T000393,C7484,06/08/2025,12:54:21,,EUR,retrait,Marrakech,guichet,Visa,santé,iOS,10
T000370,C2664,03/08/2025,11:58:42,8336.66,MAD,paiement en ligne,,carte,Cash,mode,Android,8
T000736,C3797,06/09/2025,15:21:16,5973.27,MAD,paiement en ligne,Rabat,application mobile,MasterCard,mode,iOS,10
T000373,C8805,04/08/2025,14:52:14,6756.5,EUR,paiement en ligne,Fès,application mobile,Visa,mode,Web,6
T000126,C7892,12/07/2025,13:23:10,128.02,EUR,virement,Tanger,en ligne,MasterCard,électronique,ATM,4
T000161,C8280,15/07/2025,15:39:27,777.16,MAD,paiement en ligne,Casablanca,application mobile,Amex,mode,iOS,4
T000290,C4394,27/07/2025,06:24:19,9024.3,MAD,paiement en ligne,Marrakech,guichet,Visa,mode,Web,10
T000333,C4769,31/07/2025,17:17:16,9473.55,MAD,virement,Tanger,en ligne,Cash,électronique,Web,9
T000677,C6971,01/09/2025,01:21:47,7102.22,MAD,virement,Marrakech,en ligne,MasterCard,santé,ATM,5
T000047,C1775,05/07/2025,05:26:39,196.2,EUR,virement,Tanger,application mobile,Visa,électronique,Web,5
T000228,C7295,21/07/2025,17:29:17,5837.14,MAD,paiement en ligne,Rabat,guichet,Cash,alimentaire,Android,7
T000112,C6977,11/07/2025,11:56:15,1512.28,MAD,paiement en ligne,,carte,MasterCard,voyage,Android,3
T000919,C1126,23/09/2025,15:43:43,1483.58,MAD,virement,Marrakech,application mobile,Amex,santé,Web,6
T000630,C1716,27/08/2025,12:42:48,737.01,MAD,retrait,Fès,guichet,MasterCard,alimentaire,Android,9
T000933,C4030,24/09/2025,07:18:37,7781.64,MAD,virement,Rabat,carte,Visa,alimentaire,ATM,3
T000234,C3557,22/07/2025,08:16:11,3562.85,MAD,virement,Fès,application mobile,MasterCard,voyage,Web,1
T000097,C3454,09/07/2025,01:02:36,625.55,MAD,retrait,Marrakech,guichet,MasterCard,voyage,Android,9
T000448,C5079,11/08/2025,06:31:32,5896.48,EUR,paiement en ligne,Rabat,application mobile,Amex,électronique,Web,9
T000282,C1699,26/07/2025,20:14:32,8491.83,MAD,paiement en ligne,Marrakech,guichet,Visa,santé,Web,9
T000800,C9915,12/09/2025,11:01:23,3922.84,MAD,retrait,Fès,en ligne,Visa,santé,ATM,6
T000307,C1784,29/07/2025,16:48:55,3000.77,MAD,virement,Casablanca,en ligne,Visa,mode,iOS,10
T000349,C1876,02/08/2025,12:40:22,5486.98,EUR,retrait,Casablanca,guichet,MasterCard,alimentaire,iOS,1
T000100,C9154,10/07/2025,06:14:55,7862.64,MAD,paiement en ligne,Marrakech,en ligne,Amex,voyage,ATM,1
T000524,C7588,18/08/2025,07:20:27,2959.21,MAD,paiement en ligne,Tanger,en ligne,MasterCard,alimentaire,ATM,3
T000564,C8114,21/08/2025,11:40:46,3957.67,EUR,paiement en ligne,Casablanca,carte,Visa,mode,Android,1
T000186,C1197,18/07/2025,16:09:53,2325.33,MAD,paiement en ligne,Rabat,en ligne,Cash,mode,iOS,9
T000025,C3047,03/07/2025,22:54:11,,MAD,retrait,Casablanca,application mobile,Visa,alimentaire,ATM,9
T000754,C8641,08/09/2025,22:58:26,6685.13,MAD,virement,Fès,en ligne,Cash,santé,Android,7
T000378,C4343,04/08/2025,15:52:51,3561.94,MAD,retrait,Fès,en ligne,Amex,voyage,Web,4
T000152,C2495,14/07/2025,04:47:25,2009.41,MAD,virement,Tanger,carte,Amex,électronique,ATM,5
T000872,C8667,19/09/2025,17:27:34,4676.84,MAD,paiement en ligne,Tanger,application mobile,Cash,santé,Web,4
T000337,C7457,31/07/2025,03:32:00,7872.75,MAD,retrait,Tanger,application mobile,Cash,voyage,iOS,9
T000422,C5107,08/08/2025,08:07:32,815.95,MAD,paiement en ligne,Fès,application mobile,MasterCard,alimentaire,Web,8
T000901,C7898,21/09/2025,10:38:03,2601.81,MAD,paiement en ligne,Marrakech,carte,Cash,santé,Web,3
T000072,C5859,07/07/2025,11:50:29,2692.55,MAD,paiement en ligne,Casablanca,carte,Amex,santé,Android,6
T000305,C1154,28/07/2025,10:36:46,2690.0,EUR,paiement en ligne,Rabat,carte,Amex,mode,Android,1
T000729,C1364,06/09/2025,01:21:02,9393.73,,retrait,Fès,application mobile,Cash,alimentaire,ATM,1
T000412,C6052,07/08/2025,01:34:06,3497.92,MAD,retrait,Fès,en ligne,MasterCard,voyage,Web,4
T000242,C1956,23/07/2025,21:38:01,2086.57,EUR,retrait,Marrakech,en ligne,Cash,santé,Android,3
T000051,C4943,05/07/2025,20:27:57,1287.47,USD,paiement en ligne,Fès,guichet,MasterCard,alimentaire,Android,6
T000552,C6348,20/08/2025,07:01:53,3570.2,MAD,paiement en ligne,Rabat,carte,Visa,électronique,iOS,10
T000699,C7777,03/09/2025,08:35:36,8909.57,MAD,virement,Casablanca,application mobile,Visa,voyage,Web,5
T000791,C6966,11/09/2025,13:46:14,5655.78,MAD,virement,Tanger,en ligne,Amex,alimentaire,Web,4
T000024,C8849,03/07/2025,09:01:02,6590.67,USD,retrait,Fès,en ligne,MasterCard,alimentaire,Web,4
T000795,C6560,12/09/2025,05:19:56,5830.46,EUR,retrait,Marrakech,guichet,Amex,voyage,ATM,1
T000818,C6287,14/09/2025,04:48:40,3762.57,EUR,paiement en ligne,Rabat,application mobile,Visa,voyage,Web,6
T000621,C8140,27/08/2025,14:10:56,6936.13,USD,paiement en ligne,Fès,en ligne,Visa,alimentaire,ATM,9
T000283,C6088,26/07/2025,02:25:07,4255.16,EUR,retrait,Rabat,guichet,Cash,santé,Web,5
T000948,C9766,26/09/2025,12:39:07,8604.96,,retrait,Casablanca,carte,MasterCard,santé,ATM,9
T000433,C4267,09/08/2025,19:07:21,2546.39,EUR,virement,Casablanca,guichet,Cash,mode,Android,7
T000023,C3558,03/07/2025,04:19:10,2159.34,EUR,paiement en ligne,,en ligne,,santé,ATM,2
T000194,C3811,18/07/2025,18:10:57,340.24,MAD,retrait,Fès,en ligne,MasterCard,voyage,iOS,2
T000804,C3048,12/09/2025,21:24:17,9294.94,MAD,virement,Fès,carte,Cash,voyage,ATM,10
T000504,C8056,16/08/2025,14:20:09,731.16,MAD,virement,Tanger,guichet,Amex,électronique,iOS,1
T000507,C2191,16/08/2025,12:20:25,5865.27,MAD,retrait,Casablanca,en ligne,Cash,mode,iOS,5
T000467,C1395,12/08/2025,08:14:20,9149.76,MAD,retrait,Rabat,carte,Cash,santé,Android,1
T000084,C3695,08/07/2025,08:44:25,284.77,MAD,virement,Casablanca,en ligne,MasterCard,mode,Android,1
T000543,C1928,19/08/2025,09:37:46,8150.55,MAD,retrait,Casablanca,guichet,MasterCard,alimentaire,ATM,8
T000774,C2460,10/09/2025,08:58:13,451.49,MAD,retrait,Tanger,application mobile,Cash,électronique,Web,5
T000937,C5021,25/09/2025,21:28:21,8409.08,MAD,virement,Casablanca,carte,MasterCard,alimentaire,ATM,6
T000177,C4510,17/07/2025,07:30:33,6682.67,MAD,paiement en ligne,Tanger,guichet,MasterCard,voyage,Web,3
T000959,C5971,27/09/2025,07:16:54,4921.76,MAD,paiement en ligne,Marrakech,carte,Cash,voyage,Web,3
T000956,C7490,26/09/2025,12:44:31,1796.14,MAD,retrait,Rabat,guichet,MasterCard,mode,Web,10
T000745,C2906,07/09/2025,02:03:57,3715.05,MAD,paiement en ligne,Fès,carte,MasterCard,électronique,ATM,2
T000420,C8723,08/08/2025,03:39:36,9686.95,MAD,retrait,Fès,application mobile,Amex,voyage,Android,3
T000726,C9717,05/09/2025,11:56:10,2755.86,EUR,paiement en ligne,Fès,application mobile,Visa,voyage,Web,5
T000778,C7767,10/09/2025,21:40:55,,EUR,paiement en ligne,Rabat,application mobile,Visa,voyage,ATM,10
T000162,C2636,15/07/2025,00:58:58,6242.32,MAD,retrait,,carte,Visa,voyage,iOS,10
T000212,C7616,20/07/2025,11:15:26,2547.46,MAD,paiement en ligne,Marrakech,guichet,Cash,mode,iOS,5
T000529,C6977,18/08/2025,12:18:04,608.95,EUR,paiement en ligne,Rabat,application mobile,MasterCard,santé,ATM,10
T000750,C2062,07/09/2025,11:16:38,8797.9,MAD,retrait,Fès,guichet,Cash,voyage,ATM,1
T000531,C5748,18/08/2025,04:07:12,9274.75,MAD,paiement en ligne,Rabat,application mobile,Amex,voyage,ATM,10
T000888,C7028,20/09/2025,22:05:03,1054.73,MAD,paiement en ligne,Casablanca,application mobile,Visa,voyage,iOS,3
T000172,C6172,16/07/2025,03:01:13,1658.63,MAD,virement,,application mobile,Visa,voyage,Web,5
T000964,C6975,27/09/2025,07:22:13,6633.59,MAD,retrait,Fès,application mobile,Visa,santé,ATM,3
T000639,C1770,28/08/2025,03:38:38,8369.37,EUR,paiement en ligne,Fès,carte,Amex,voyage,ATM,6
T000550,C5910,20/08/2025,22:49:09,5378.76,EUR,virement,Tanger,carte,Cash,alimentaire,Android,7
T000602,C3193,25/08/2025,07:38:20,9600.63,EUR,retrait,Marrakech,carte,Amex,voyage,Android,6
T000545,C1133,20/08/2025,07:39:24,1148.8,MAD,paiement en ligne,Fès,application mobile,Amex,mode,iOS,3
T000655,C7949,30/08/2025,03:49:32,716.39,MAD,paiement en ligne,Casablanca,application mobile,MasterCard,alimentaire,iOS,10
T000772,C1876,10/09/2025,19:24:13,9976.4,MAD,paiement en ligne,Rabat,en ligne,MasterCard,électronique,Android,2
T000389,C6188,05/08/2025,03:19:03,613.03,EUR,virement,Casablanca,carte,Cash,santé,ATM,3
T000659,C8002,30/08/2025,14:47:06,9682.25,MAD,retrait,Tanger,en ligne,Visa,voyage,Android,1
T000960,C2205,27/09/2025,01:41:15,6465.22,EUR,paiement en ligne,Rabat,carte,Visa,alimentaire,Android,3
T000454,C8357,11/08/2025,01:26:56,2568.36,MAD,paiement en ligne,Casablanca,application mobile,Amex,mode,Web,2
T000616,C9175,26/08/2025,03:18:47,1198.18,MAD,virement,Casablanca,application mobile,Visa,voyage,Android,5
T000765,C8943,09/09/2025,19:44:06,719.2,MAD,paiement en ligne,Marrakech,application mobile,MasterCard,voyage,Android,10
T000058,C6675,06/07/2025,21:33:54,4667.75,MAD,retrait,Fès,guichet,Cash,mode,Android,5
T000580,C8102,23/08/2025,04:46:07,1219.64,EUR,retrait,Tanger,guichet,Amex,santé,ATM,8
T000129,C5636,12/07/2025,07:19:28,1386.03,MAD,retrait,Tanger,en ligne,Cash,mode,ATM,9
T000215,C1262,20/07/2025,07:14:26,6583.48,MAD,virement,Casablanca,guichet,MasterCard,mode,iOS,8
T000298,C3733,28/07/2025,21:13:15,5467.74,MAD,paiement en ligne,,carte,Visa,alimentaire,ATM,5
T000056,C8989,06/07/2025,10:35:48,5971.56,MAD,paiement en ligne,Casablanca,guichet,Amex,santé,Web,9
T000904,C6779,22/09/2025,01:10:35,672.52,MAD,paiement en ligne,Fès,en ligne,Visa,santé,Android,5
T000650,C2252,29/08/2025,09:24:12,803.21,MAD,retrait,Fès,en ligne,MasterCard,alimentaire,Web,8
T000527,C5186,18/08/2025,07:48:14,3045.41,MAD,paiement en ligne,Casablanca,en ligne,Visa,mode,Android,7
T000473,C1717,13/08/2025,13:00:45,5915.07,EUR,retrait,Casablanca,guichet,Amex,mode,iOS,2
T000528,C9905,18/08/2025,16:22:23,5051.18,MAD,paiement en ligne,Rabat,guichet,,alimentaire,Android,1
T000547,C4627,20/08/2025,17:02:48,3132.58,EUR,paiement en ligne,Casablanca,en ligne,Visa,électronique,Android,2
T000446,C3786,10/08/2025,20:19:05,8835.79,MAD,paiement en ligne,,application mobile,Amex,alimentaire,Web,9
T000309,C8560,29/07/2025,14:14:05,7602.1,MAD,retrait,,guichet,Visa,santé,Web,8
T000505,C2542,16/08/2025,22:57:55,3742.57,MAD,retrait,Fès,carte,Visa,électronique,Android,9
T000434,C1825,09/08/2025,11:57:35,,EUR,paiement en ligne,Casablanca,application mobile,Cash,électronique,iOS,5
T000247,C5911,23/07/2025,07:10:02,2110.4,USD,virement,Rabat,carte,Visa,mode,iOS,7
T000222,C8158,21/07/2025,11:19:35,437.35,MAD,virement,Casablanca,guichet,Amex,alimentaire,iOS,6
T000716,C7493,04/09/2025,12:54:52,4277.27,MAD,virement,Fès,en ligne,Cash,voyage,Android,2
T000696,C1666,03/09/2025,17:42:18,7435.42,MAD,paiement en ligne,Marrakech,guichet,Visa,santé,Web,1
T000654,C7881,30/08/2025,10:56:20,2074.55,EUR,retrait,Fès,carte,Amex,santé,Web,8
T000476,C6486,13/08/2025,08:05:24,2458.12,MAD,virement,Rabat,en ligne,Visa,électronique,Android,7
T000171,C6249,16/07/2025,06:30:17,,MAD,paiement en ligne,Rabat,guichet,MasterCard,voyage,Web,1
T000362,C6177,03/08/2025,20:25:07,3132.39,MAD,paiement en ligne,Marrakech,carte,Cash,mode,Android,6
T000717,C3878,04/09/2025,20:29:12,9082.99,MAD,paiement en ligne,Casablanca,en ligne,MasterCard,voyage,ATM,6
T000762,C1232,09/09/2025,15:56:18,8456.47,MAD,paiement en ligne,Rabat,guichet,MasterCard,alimentaire,Android,7
T000644,C8901,29/08/2025,03:20:29,7926.0,,paiement en ligne,Casablanca,guichet,Cash,électronique,iOS,10
T000142,C6864,13/07/2025,14:24:08,1699.21,MAD,paiement en ligne,Casablanca,carte,Amex,électronique,Web,9
T000599,C8418,25/08/2025,09:23:53,3940.78,MAD,retrait,Rabat,guichet,Amex,mode,Web,4
T000854,C7565,17/09/2025,04:20:48,4262.18,MAD,virement,Marrakech,carte,Amex,voyage,Android,1
T000694,C2887,02/09/2025,02:05:38,6728.02,,retrait,Casablanca,guichet,Amex,alimentaire,Web,6
T000847,C8577,16/09/2025,19:05:26,2806.27,MAD,paiement en ligne,Fès,en ligne,MasterCard,voyage,ATM,7
T000898,C5225,21/09/2025,12:50:57,3028.86,MAD,retrait,Casablanca,application mobile,Cash,voyage,Android,5
T000400,C7905,06/08/2025,18:35:38,2799.38,USD,paiement en ligne,Casablanca,application mobile,Cash,mode,ATM,6
T000462,C1728,12/08/2025,09:37:17,1063.84,MAD,paiement en ligne,Tanger,guichet,Visa,alimentaire,Android,6
T000269,C5642,25/07/2025,21:14:32,5248.98,EUR,virement,Casablanca,carte,Visa,voyage,ATM,2
T000899,C1094,21/09/2025,16:20:45,2363.43,MAD,paiement en ligne,Casablanca,carte,Visa,alimentaire,iOS,7
T000249,C7015,23/07/2025,08:38:30,736.63,EUR,paiement en ligne,Fès,guichet,Amex,mode,Android,1
T000939,C7514,25/09/2025,09:41:20,8900.72,EUR,retrait,Casablanca,application mobile,Visa,mode,ATM,4
T000861,C2248,18/09/2025,11:33:31,8636.82,MAD,retrait,Rabat,application mobile,Cash,santé,Android,8
T000822,C3832,14/09/2025,12:10:45,6924.3,MAD,paiement en ligne,Rabat,carte,Visa,alimentaire,ATM,2
T000122,C7019,12/07/2025,16:56:23,8906.9,MAD,retrait,Rabat,guichet,Visa,électronique,ATM,3
T000970,C1966,28/09/2025,21:30:16,1869.24,EUR,retrait,Casablanca,guichet,Cash,mode,Android,1
T000080,C9006,08/07/2025,04:53:15,3033.02,MAD,paiement en ligne,Rabat,carte,Visa,voyage,Web,2
T000258,C2693,24/07/2025,11:22:11,6563.77,MAD,paiement en ligne,Casablanca,en ligne,Amex,alimentaire,ATM,1
T000664,C5637,31/08/2025,22:25:36,8047.95,MAD,paiement en ligne,Rabat,guichet,Amex,santé,Web,4
T000119,C8408,11/07/2025,04:24:47,9178.98,MAD,virement,Tanger,carte,Amex,mode,Android,7
T000074,C9571,07/07/2025,18:36:43,,USD,retrait,Tanger,application mobile,Visa,mode,ATM,8
T000105,C8385,10/07/2025,01:54:34,3688.52,USD,retrait,Tanger,application mobile,Visa,voyage,Web,5
T000423,C6726,08/08/2025,05:40:38,802.06,EUR,retrait,Tanger,carte,MasterCard,alimentaire,Web,1
T000330,C6919,31/07/2025,21:46:33,7026.64,EUR,paiement en ligne,Tanger,en ligne,Visa,voyage,iOS,1
T000567,C9549,22/08/2025,07:45:06,1978.94,MAD,retrait,Tanger,application mobile,MasterCard,mode,Android,7
T000635,C4419,28/08/2025,18:04:28,2570.06,EUR,paiement en ligne,Rabat,application mobile,Cash,mode,ATM,5
T000671,C1137,31/08/2025,01:27:57,3756.71,MAD,paiement en ligne,Rabat,en ligne,MasterCard,santé,ATM,9
T000082,C6463,08/07/2025,17:24:11,9743.23,MAD,virement,Rabat,guichet,MasterCard,mode,ATM,1
T000889,C8326,20/09/2025,17:08:48,1716.54,EUR,retrait,Casablanca,application mobile,Cash,voyage,Android,8
T000969,C6588,28/09/2025,18:52:18,2226.16,EUR,paiement en ligne,Fès,application mobile,Cash,santé,iOS,3
T000894,C4719,21/09/2025,16:12:33,4425.42,MAD,paiement en ligne,Tanger,guichet,,mode,ATM,2
T000458,C3914,12/08/2025,05:34:21,8406.03,USD,paiement en ligne,Fès,carte,Cash,santé,Web,6
T000188,C2930,18/07/2025,17:49:13,2259.65,MAD,paiement en ligne,Marrakech,application mobile,Amex,voyage,ATM,1
T000976,C9533,28/09/2025,13:51:52,1472.86,MAD,retrait,Marrakech,application mobile,Visa,voyage,Android,4
T000865,C5018,18/09/2025,15:31:57,2900.87,MAD,retrait,Casablanca,application mobile,MasterCard,électronique,Web,9
T000463,C2365,12/08/2025,12:34:29,132.78,MAD,paiement en ligne,Casablanca,en ligne,Visa,mode,ATM,3
T000121,C6116,12/07/2025,14:08:14,4726.38,MAD,paiement en ligne,Fès,application mobile,Visa,alimentaire,Web,3
T000943,C9393,25/09/2025,17:07:25,7429.33,USD,virement,Rabat,en ligne,Cash,électronique,iOS,4
T000828,C1235,15/09/2025,15:32:44,6013.06,MAD,paiement en ligne,Rabat,application mobile,Amex,mode,Web,7
T000657,C9017,30/08/2025,17:31:55,3924.58,MAD,paiement en ligne,,application mobile,Cash,santé,iOS,5
T000923,C6109,23/09/2025,22:14:26,868.61,USD,paiement en ligne,Marrakech,en ligne,Amex,santé,Web,4
T000558,C4584,21/08/2025,07:58:13,3301.09,EUR,virement,Tanger,en ligne,Cash,électronique,Web,4
T000077,C6276,07/07/2025,11:15:23,3513.55,EUR,paiement en ligne,Fès,application mobile,Amex,alimentaire,ATM,8
T000087,C7736,08/07/2025,22:25:20,7814.74,USD,paiement en ligne,Marrakech,carte,MasterCard,voyage,iOS,7
T000706,C7677,03/09/2025,12:02:26,5809.13,MAD,virement,Fès,en ligne,Visa,électronique,ATM,5
T000438,C8543,10/08/2025,22:15:11,2747.41,EUR,paiement en ligne,Fès,en ligne,Visa,voyage,Android,4
T000862,C5033,18/09/2025,02:02:27,8866.63,MAD,virement,Casablanca,carte,Cash,électronique,Web,7
T000270,C8679,25/07/2025,06:11:48,593.61,MAD,paiement en ligne,Fès,guichet,MasterCard,mode,ATM,8
T000385,C2679,05/08/2025,10:06:30,2893.3,MAD,retrait,Rabat,carte,Amex,mode,Android,9
T000356,C5465,02/08/2025,00:48:31,8010.03,MAD,retrait,Fès,carte,Cash,mode,Web,5
T000445,C3967,10/08/2025,11:00:56,7378.53,EUR,paiement en ligne,Rabat,carte,MasterCard,électronique,Web,5
T000310,C8343,29/07/2025,11:58:19,1070.03,MAD,virement,Rabat,en ligne,Cash,électronique,Android,1
T000749,C9905,07/09/2025,19:13:35,385.08,EUR,retrait,Fès,application mobile,Cash,électronique,ATM,3
T000966,C5380,27/09/2025,06:52:38,5730.23,EUR,paiement en ligne,Fès,guichet,Amex,mode,Android,8
T000922,C7024,23/09/2025,05:10:32,4903.95,EUR,retrait,Casablanca,guichet,Cash,voyage,Web,10
T000619,C2460,26/08/2025,00:17:51,,MAD,virement,Rabat,guichet,Amex,alimentaire,Web,2
T000668,C3180,31/08/2025,20:03:41,3245.56,MAD,virement,Marrakech,application mobile,Visa,santé,Android,10
T000178,C1202,17/07/2025,12:34:47,1668.86,EUR,retrait,Rabat,carte,Cash,santé,Web,7
T000351,C5142,02/08/2025,00:23:53,564.1,MAD,retrait,Fès,en ligne,,voyage,Web,7
T000951,C8973,26/09/2025,07:22:08,4567.2,MAD,paiement en ligne,Fès,application mobile,Amex,voyage,Web,10
T000691,C7031,02/09/2025,16:01:24,8039.87,MAD,paiement en ligne,,carte,MasterCard,santé,Web,10
T000494,C6334,15/08/2025,03:03:38,8392.99,MAD,virement,Rabat,carte,Visa,santé,iOS,2
T000341,C3491,01/08/2025,01:49:05,8398.02,MAD,paiement en ligne,Casablanca,application mobile,Amex,voyage,iOS,4
T000076,C8208,07/07/2025,22:48:46,5203.71,EUR,paiement en ligne,,carte,MasterCard,alimentaire,ATM,9
T000464,C5492,12/08/2025,09:29:13,4364.15,MAD,paiement en ligne,Tanger,en ligne,Amex,mode,ATM,4
T000086,C6618,08/07/2025,15:06:16,7842.82,EUR,paiement en ligne,Rabat,en ligne,Cash,alimentaire,Android,4
T000920,C4177,23/09/2025,19:31:05,6258.78,MAD,retrait,Marrakech,guichet,MasterCard,alimentaire,Web,5
T000441,C8164,10/08/2025,15:29:44,9470.0,MAD,retrait,Rabat,application mobile,MasterCard,voyage,Web,4
T000732,C6126,06/09/2025,00:20:34,2731.64,MAD,paiement en ligne,Casablanca,application mobile,Visa,électronique,Android,2
T000308,C9096,29/07/2025,11:55:27,7158.52,MAD,paiement en ligne,Tanger,application mobile,Cash,électronique,Android,1
T000163,C4696,15/07/2025,15:40:12,,MAD,paiement en ligne,,en ligne,Visa,alimentaire,Android,2
T000432,C4974,09/08/2025,02:33:22,9651.9,USD,paiement en ligne,Rabat,application mobile,Amex,santé,iOS,7
T001000,C4335,01/10/2025,10:12:36,4887.0,USD,paiement en ligne,Rabat,application mobile,Amex,mode,Web,5
T000989,C8311,29/09/2025,10:56:00,2534.21,USD,paiement en ligne,Tanger,application mobile,Cash,mode,iOS,2
T000018,C2184,02/07/2025,06:09:06,570.93,MAD,virement,Rabat,application mobile,Visa,électronique,Web,8
T000319,C7971,30/07/2025,10:33:24,9213.9,MAD,paiement en ligne,Casablanca,guichet,MasterCard,alimentaire,Android,3
T000139,C8392,13/07/2025,02:49:17,,EUR,paiement en ligne,Casablanca,guichet,MasterCard,mode,ATM,10
T000286,C3975,27/07/2025,13:13:01,7140.58,MAD,retrait,,en ligne,Visa,voyage,ATM,7
T000925,C8196,24/09/2025,17:16:50,3099.31,EUR,paiement en ligne,Casablanca,en ligne,Visa,alimentaire,Android,9
T000546,C3105,20/08/2025,08:01:14,2927.42,EUR,virement,Casablanca,guichet,,électronique,ATM,2
T000457,C6644,11/08/2025,03:17:54,4020.4,,virement,Rabat,guichet,Visa,électronique,ATM,5
T000004,C6191,01/07/2025,22:54:27,7040.28,MAD,virement,Casablanca,guichet,Amex,santé,Android,6
T000571,C7819,22/08/2025,12:17:01,8594.7,MAD,virement,Rabat,carte,Visa,alimentaire,iOS,3
T000184,C3931,17/07/2025,03:49:03,3602.44,MAD,paiement en ligne,Fès,guichet,Visa,alimentaire,iOS,2
T000030,C5658,03/07/2025,21:43:23,2988.25,MAD,retrait,Marrakech,application mobile,Amex,voyage,Web,7
